date,tempmax,tempmin,temp,feelslike,dew,humidity,severerisk,precip,snow,windspeed,sealevelpressure,cloudcover,visibility,solarradiation,solarenergy,uvindex,latitude,longitude
2020-01-01,52.6,35.5,42.1,41.0,34.6,79.2,,0.004,0,6.1,1031.6,41.8,3.5,30.0,2.7,2,41.653315,-8.58779
2020-01-02,51.6,38.2,46.1,43.9,42.5,87.4,,0.0,0,10.6,1030.4,63.4,5.5,44.0,3.9,2,41.650791,-8.58779
2020-01-03,57.1,50.7,53.0,53.0,42.6,72.9,,0.07200000000000001,0,8.8,1033.1,74.9,4.3,14.2,1.2,1,41.449721999999994,-8.58779
2020-01-04,58.5,43.5,50.9,50.2,40.1,71.6,,0.002,0,6.4,1034.4,40.7,4.7,31.5,2.7,2,41.653315,-8.4067
2020-01-05,55.0,39.6,45.3,44.2,40.4,83.8,,0.0,0,7.2,1030.8,26.7,6.1,28.8,2.6,2,41.653315,-8.58779
2020-01-06,53.2,36.7,43.7,41.8,40.1,87.5,,0.002,0,8.2,1030.6,44.6,5.8,48.1,4.1,2,41.653315,-8.4067
2020-01-07,53.2,36.5,43.3,41.3,36.2,78.8,,0.002,0,10.1,1032.9,64.2,5.6,30.4,2.7,2,41.449721999999994,-8.4067
2020-01-08,54.8,40.7,48.1,46.9,42.8,82.4,,0.012,0,7.1,1030.8,63.8,5.3,29.1,2.5,2,41.650791,-8.58779
2020-01-09,57.5,46.7,52.7,52.6,50.0,90.9,,0.075,0,11.8,1028.6,74.6,3.9,28.1,2.4,1,41.5549,-8.43569
2020-01-10,56.0,39.4,46.6,46.3,41.4,83.2,,0.0,0,10.0,1032.4,36.6,6.7,108.8,9.3,5,41.650791,-8.4067
2020-01-11,57.5,39.9,45.8,44.3,39.3,79.1,,0.0,0,6.6,1032.6,22.7,6.5,113.4,9.7,5,41.449721999999994,-8.4067
2020-01-12,55.0,36.4,43.7,42.3,39.5,86.0,,0.002,0,5.2,1031.8,45.8,5.7,102.0,8.8,4,41.650791,-8.58779
2020-01-13,53.7,38.1,46.7,44.7,41.4,82.3,,0.0,0,20.0,1024.9,50.6,6.0,85.9,7.5,4,41.449721999999994,-8.58779
2020-01-14,59.3,53.4,56.2,56.2,49.4,78.0,,0.0,0,15.8,1017.3,60.5,6.5,47.9,4.1,2,41.5549,-8.58779
2020-01-15,60.2,51.9,57.2,57.2,54.3,90.4,,1.416,0,15.0,1018.0,51.4,5.9,24.6,2.0,1,41.653315,-8.43569
2020-01-16,60.9,54.2,58.4,58.4,53.8,84.7,,0.442,0,23.1,1020.1,59.8,6.0,30.8,2.7,1,41.650791,-8.296389
2020-01-17,56.7,48.3,52.9,52.8,46.3,78.6,,0.222,0,7.2,1030.1,52.3,6.7,99.8,8.5,5,41.653315,-8.296389
2020-01-18,58.8,49.3,54.4,53.9,51.7,90.9,,1.038,0,15.6,1024.6,60.2,5.1,58.0,5.1,3,41.650791,-8.4067
2020-01-19,59.0,45.1,52.0,50.5,39.8,64.8,,0.0,0,14.6,1029.1,15.8,7.1,124.1,10.6,5,41.653315,-8.43569
2020-01-20,54.4,38.7,46.5,42.8,27.8,49.4,,0.0,0,20.4,1028.6,13.6,7.2,126.0,10.9,5,41.653315,-8.58779
2020-01-21,58.5,42.6,50.2,47.7,32.8,51.5,,0.0,0,16.7,1022.6,42.5,7.7,122.7,10.5,5,41.650791,-8.43569
2020-01-22,60.5,47.7,53.0,52.5,40.1,61.9,,0.0,0,15.8,1018.5,61.6,8.2,40.9,3.4,2,41.653315,-8.43569
2020-01-23,55.2,48.4,50.2,48.7,42.7,75.3,,0.049,0,10.4,1016.4,65.6,6.9,43.0,3.6,3,41.449721999999994,-8.58779
2020-01-24,60.1,46.8,51.8,50.6,45.0,78.3,,0.006,0,7.8,1018.3,50.6,6.9,39.8,3.4,2,41.650791,-8.296389
2020-01-25,56.9,42.6,48.6,47.3,43.4,83.0,,0.0,0,8.9,1017.9,40.1,6.5,53.5,4.4,3,41.449721999999994,-8.296389
2020-01-26,58.2,43.1,51.2,49.7,47.9,88.8,,0.005,0,15.3,1022.7,39.1,5.9,36.7,3.2,3,41.449721999999994,-8.58779
2020-01-27,58.3,54.6,56.4,56.4,53.8,91.0,,1.124,0,17.9,1020.0,74.9,4.9,34.1,2.8,2,41.653315,-8.296389
2020-01-28,59.5,53.6,56.4,56.4,53.3,90.7,,0.953,0,10.8,1021.6,86.1,3.3,21.6,1.7,1,41.650791,-8.296389
2020-01-29,58.9,56.7,58.0,58.0,52.2,84.2,,0.5529999999999999,0,14.7,1022.2,87.9,4.1,23.3,1.8,1,41.650791,-8.4067
2020-01-30,59.2,54.4,57.6,57.6,52.3,84.8,,0.721,0,17.4,1021.5,80.3,2.8,24.3,2.1,1,41.449721999999994,-8.43569
2020-01-31,60.3,56.8,58.9,58.9,56.0,91.2,,0.861,0,16.0,1022.0,88.7,3.1,40.9,3.6,2,41.653315,-8.4067
2020-02-01,61.3,57.9,59.9,59.9,56.7,90.6,,0.28600000000000003,0,13.8,1024.6,88.0,2.6,38.4,3.3,2,41.650791,-8.4067
2020-02-02,68.9,56.3,61.4,61.4,52.0,75.8,,0.009000000000000001,0,12.5,1028.0,61.6,6.7,70.2,6.1,4,41.5549,-8.43569
2020-02-03,69.4,53.4,59.8,59.8,53.2,80.0,,0.003,0,10.1,1028.8,35.9,6.7,68.4,5.9,4,41.650791,-8.43569
2020-02-04,61.4,53.0,56.9,56.9,52.2,85.6,,0.0,0,8.1,1030.8,30.1,5.2,69.2,6.0,4,41.653315,-8.58779
2020-02-05,66.3,52.3,57.0,57.0,45.0,65.8,,0.002,0,14.5,1025.2,29.5,6.8,75.6,6.4,4,41.653315,-8.4067
2020-02-06,63.7,49.1,54.6,53.9,44.7,69.7,,0.0,0,10.3,1021.3,68.2,7.6,81.4,7.1,4,41.653315,-8.4067
2020-02-07,61.0,52.8,56.8,56.8,51.4,82.3,,0.003,0,11.7,1022.3,68.5,6.4,64.9,5.6,4,41.449721999999994,-8.43569
2020-02-08,58.1,48.6,54.0,53.9,49.3,85.5,,0.5,0,9.7,1025.1,48.8,6.0,56.3,4.9,3,41.5549,-8.58779
2020-02-09,57.4,48.3,54.1,53.7,50.9,88.9,,0.342,0,13.1,1029.5,62.4,4.6,25.8,2.1,1,41.449721999999994,-8.4067
2020-02-10,60.7,53.6,57.7,57.7,55.5,92.4,,0.071,0,9.6,1032.8,79.2,3.1,53.0,4.6,2,41.653315,-8.296389
2020-02-11,61.4,52.2,55.7,55.7,52.2,88.3,,0.0,0,8.9,1029.0,66.1,3.8,71.1,6.2,3,41.653315,-8.4067
2020-02-12,59.5,51.4,55.3,55.3,50.3,85.8,,0.003,0,7.5,1024.2,68.3,4.0,70.9,6.2,3,41.449721999999994,-8.58779
2020-02-13,60.6,54.8,57.2,57.2,53.5,87.4,,0.07,0,9.2,1024.9,57.4,6.0,48.4,4.2,2,41.5549,-8.43569
2020-02-14,63.2,53.1,57.2,57.2,52.9,85.8,,0.005,0,6.2,1026.2,61.7,6.4,60.2,5.2,2,41.5549,-8.296389
2020-02-15,62.1,48.6,55.5,55.1,50.4,83.3,,0.0,0,14.0,1025.4,59.4,6.1,71.4,6.1,3,41.5549,-8.296389
2020-02-16,60.3,56.8,58.8,58.8,53.6,83.9,,0.147,0,18.7,1024.9,59.4,4.9,75.9,6.5,3,41.449721999999994,-8.58779
2020-02-17,59.4,44.4,54.4,53.9,48.5,81.2,,0.271,0,15.2,1030.5,52.4,6.0,87.1,7.6,4,41.5549,-8.58779
2020-02-18,58.5,39.6,48.1,46.1,40.4,75.8,,0.0,0,13.9,1034.9,19.6,7.3,137.2,11.9,5,41.653315,-8.43569
2020-02-19,59.1,39.6,48.4,47.6,40.4,75.6,,0.0,0,8.9,1031.6,27.6,7.0,144.8,12.6,6,41.653315,-8.296389
2020-02-20,62.0,39.3,49.4,48.9,43.7,81.8,,0.0,0,8.7,1025.9,17.8,6.8,147.8,12.9,5,41.5549,-8.58779
2020-02-21,67.1,48.7,56.1,55.4,45.9,69.8,,0.0,0,11.6,1028.6,12.8,7.1,153.2,13.2,6,41.5549,-8.43569
2020-02-22,66.1,45.4,54.5,54.3,45.5,73.5,,0.0,0,8.4,1032.0,1.0,6.8,158.4,13.8,6,41.650791,-8.4067
2020-02-23,66.1,44.0,54.6,54.5,47.3,77.9,,0.0,0,5.8,1031.9,25.6,6.0,164.2,14.1,6,41.653315,-8.296389
2020-02-24,60.8,42.0,51.2,51.0,46.1,82.9,,0.0,0,12.4,1028.6,20.8,6.6,166.2,14.3,6,41.650791,-8.43569
2020-02-25,57.2,49.3,52.3,52.2,48.1,85.7,,0.336,0,13.0,1025.8,53.1,5.2,103.5,9.0,5,41.449721999999994,-8.43569
2020-02-26,58.3,47.9,52.3,51.9,46.3,80.9,,0.019,0,8.3,1026.8,57.0,6.3,72.7,6.2,3,41.650791,-8.4067
2020-02-27,61.3,51.2,55.5,55.5,51.3,86.1,,0.045,0,11.3,1026.0,63.5,5.7,142.0,12.2,5,41.449721999999994,-8.43569
2020-02-28,63.0,44.4,53.3,52.8,47.8,82.8,,0.002,0,12.8,1020.2,57.8,5.6,148.4,12.7,6,41.653315,-8.43569
2020-02-29,59.3,52.8,55.8,55.8,50.1,81.4,,0.652,0,21.9,1013.6,62.6,5.7,68.8,6.1,4,41.5549,-8.43569
2020-03-01,61.1,53.6,57.5,57.5,53.4,86.3,,1.4569999999999999,0,22.9,1010.8,65.6,5.3,85.4,7.4,4,41.653315,-8.296389
2020-03-02,59.4,51.3,54.9,54.9,47.3,75.8,,0.16399999999999998,0,21.6,1014.4,53.6,6.3,77.1,6.8,4,41.5549,-8.58779
2020-03-03,59.7,55.2,58.1,58.1,55.2,90.0,,0.21,0,16.6,1019.8,83.3,3.9,48.0,4.2,2,41.650791,-8.58779
2020-03-04,61.2,57.1,59.1,59.1,56.8,92.0,,0.12,0,14.8,1021.2,89.9,4.1,51.5,4.5,3,41.650791,-8.4067
2020-03-05,59.4,53.3,55.9,55.9,50.7,82.8,,0.8740000000000001,0,20.0,1017.5,65.0,6.1,99.6,8.7,4,41.650791,-8.4067
2020-03-06,58.1,51.1,53.6,53.6,44.5,71.7,,0.036000000000000004,0,19.5,1025.8,54.2,6.7,116.6,10.1,6,41.449721999999994,-8.58779
2020-03-07,60.2,46.5,52.8,52.5,45.5,76.9,,0.026000000000000002,0,9.9,1029.1,43.9,7.0,189.4,16.4,7,41.653315,-8.43569
2020-03-08,55.2,47.1,50.9,49.9,45.0,82.6,,0.09699999999999999,0,9.6,1028.5,62.2,5.1,53.2,4.8,3,41.5549,-8.4067
2020-03-09,59.9,42.6,50.7,50.2,45.3,83.8,,0.006,0,11.4,1030.6,53.3,5.0,207.1,17.9,7,41.653315,-8.43569
2020-03-10,61.3,43.9,52.3,52.0,47.0,83.8,,0.0,0,9.4,1028.1,36.7,5.9,191.9,16.5,7,41.449721999999994,-8.58779
2020-03-11,63.4,44.4,54.4,54.3,50.8,88.1,,0.0,0,9.6,1023.8,62.7,4.1,193.8,16.8,7,41.5549,-8.43569
2020-03-12,66.7,50.0,57.0,57.0,51.1,81.2,,0.0,0,16.0,1020.2,61.7,5.4,188.0,16.1,7,41.653315,-8.58779
2020-03-13,65.0,44.9,55.3,55.0,49.0,80.4,,0.0,0,13.8,1020.5,54.1,6.8,191.1,16.5,7,41.653315,-8.43569
2020-03-14,64.3,43.8,54.0,53.5,47.2,79.0,,0.0,0,11.1,1020.6,14.4,6.5,211.9,18.2,7,41.653315,-8.296389
2020-03-15,59.1,41.7,48.9,48.1,43.9,84.2,,0.196,0,14.9,1017.3,56.0,5.4,84.1,7.1,5,41.650791,-8.43569
2020-03-16,59.6,39.2,49.9,48.6,39.6,69.4,,0.021,0,21.2,1020.8,31.3,7.2,145.5,12.6,7,41.653315,-8.4067
2020-03-17,67.1,44.7,55.8,54.7,43.1,63.7,,0.0,0,11.9,1023.6,29.7,7.1,138.0,12.1,8,41.449721999999994,-8.43569
2020-03-18,72.7,49.7,59.9,59.9,50.7,72.7,,0.0,0,9.3,1022.7,40.5,7.1,179.1,15.5,6,41.449721999999994,-8.58779
2020-03-19,66.4,53.1,58.0,58.0,52.8,83.2,,0.002,0,9.1,1017.6,51.2,6.5,167.8,14.6,6,41.653315,-8.58779
2020-03-20,58.7,53.4,55.2,55.2,52.1,89.3,,0.36,0,4.3,1013.1,69.6,4.5,48.8,4.2,2,41.449721999999994,-8.296389
2020-03-21,57.8,51.8,54.5,54.5,51.1,88.5,,0.21600000000000003,0,8.6,1010.9,48.9,5.5,70.0,6.1,3,41.650791,-8.43569
2020-03-22,62.9,50.0,56.2,56.2,50.3,81.9,,0.021,0,11.7,1013.0,30.9,5.9,180.2,15.7,7,41.449721999999994,-8.296389
2020-03-23,66.6,47.3,56.7,56.7,47.7,74.2,,0.0,0,14.1,1014.4,14.2,6.4,208.3,18.0,7,41.650791,-8.58779
2020-03-24,69.6,49.7,59.2,59.0,48.3,69.0,,0.0,0,12.0,1015.1,12.6,7.4,198.0,17.2,7,41.653315,-8.58779
2020-03-25,61.5,47.6,54.8,54.6,49.7,83.2,,0.0,0,14.6,1016.4,29.4,6.7,163.3,14.2,6,41.5549,-8.43569
2020-03-26,61.0,47.5,53.8,53.5,48.1,81.9,,0.0,0,11.7,1013.5,50.2,6.3,238.1,20.3,8,41.650791,-8.43569
2020-03-27,63.0,39.8,51.3,50.1,40.1,68.3,,0.0,0,12.9,1011.8,30.4,7.0,237.0,20.4,8,41.653315,-8.43569
2020-03-28,62.7,44.1,53.7,52.5,42.0,65.1,,0.0,0,13.6,1017.5,58.6,6.9,222.2,19.2,8,41.449721999999994,-8.4067
2020-03-29,67.9,45.0,56.6,56.1,44.8,66.6,,0.0,0,9.4,1018.0,43.8,7.1,188.2,15.4,8,41.449721999999994,-8.4067
2020-03-30,57.0,46.9,53.0,52.7,37.8,57.1,,0.0,0,14.8,1013.6,84.1,7.4,80.5,6.9,3,41.650791,-8.4067
2020-03-31,51.8,40.8,46.3,42.9,35.4,66.5,,0.071,0,12.0,1007.8,53.6,7.2,70.0,6.0,2,41.653315,-8.43569
2020-04-01,60.3,40.5,50.4,48.4,41.1,71.9,,0.017,0,14.1,1011.2,42.8,6.8,206.1,18.0,8,41.5549,-8.4067
2020-04-02,67.5,42.8,55.9,55.4,47.2,73.9,,0.0,0,13.1,1014.7,42.0,6.9,211.6,18.3,8,41.449721999999994,-8.4067
2020-04-03,68.3,46.6,57.2,56.6,48.4,74.0,,0.0,0,6.9,1015.4,12.0,7.0,232.8,20.2,8,41.653315,-8.43569
2020-04-04,72.4,51.0,62.2,62.2,48.1,61.5,,0.002,0,16.5,1010.9,68.3,7.5,152.5,13.2,6,41.5549,-8.296389
2020-04-05,64.8,59.3,61.9,61.9,55.9,81.1,,0.8759999999999999,0,18.2,1010.9,63.2,5.5,45.0,4.0,2,41.653315,-8.296389
2020-04-06,65.4,57.0,59.9,59.9,55.5,85.5,,0.209,0,7.1,1018.3,64.8,5.5,90.3,7.9,3,41.653315,-8.296389
2020-04-07,70.6,57.1,63.7,63.7,58.6,84.0,,0.435,0,11.2,1020.8,68.6,6.7,193.9,16.8,8,41.5549,-8.43569
2020-04-08,73.1,57.4,64.2,64.2,56.5,77.3,,0.0,0,8.2,1021.2,71.1,6.6,168.6,14.6,6,41.449721999999994,-8.296389
2020-04-09,65.3,58.7,63.4,63.4,55.6,77.4,,0.5660000000000001,0,12.6,1017.9,79.2,3.7,63.6,5.6,2,41.650791,-8.296389
2020-04-10,66.4,59.8,62.5,62.5,53.3,74.2,,0.302,0,7.4,1020.9,72.1,3.9,81.3,7.0,4,41.449721999999994,-8.58779
2020-04-11,66.5,56.9,61.1,61.1,55.0,80.6,,0.006999999999999999,0,11.0,1020.6,48.3,7.0,229.4,19.7,9,41.650791,-8.4067
2020-04-12,64.6,52.3,58.4,58.4,53.2,84.2,,0.0,0,9.8,1016.5,73.2,5.9,233.4,20.2,9,41.650791,-8.58779
2020-04-13,60.9,48.1,54.5,54.4,47.8,79.4,,0.29600000000000004,0,11.7,1008.8,42.2,6.4,137.1,11.8,5,41.449721999999994,-8.58779
2020-04-14,72.6,49.4,60.7,60.5,52.8,76.3,,0.031,0,8.2,1008.9,44.1,7.2,235.2,20.3,9,41.449721999999994,-8.296389
2020-04-15,64.2,55.5,59.3,59.3,53.5,81.4,,0.452,0,14.5,1007.6,57.5,7.2,86.8,7.5,3,41.653315,-8.58779
2020-04-16,64.1,54.4,59.0,59.0,54.0,83.7,,0.49700000000000005,0,14.1,1009.3,55.8,7.2,68.8,5.8,3,41.5549,-8.296389
2020-04-17,64.9,54.8,59.4,59.4,54.6,84.4,,0.866,0,14.4,1012.0,51.0,6.7,105.6,9.0,6,41.653315,-8.4067
2020-04-18,66.6,53.1,59.8,59.8,54.4,82.7,,0.042,0,9.7,1015.7,37.9,6.4,277.2,23.9,10,41.650791,-8.58779
2020-04-19,65.4,49.5,57.7,57.6,53.1,85.4,,0.0,0,13.0,1014.4,48.4,6.0,284.0,24.7,9,41.650791,-8.43569
2020-04-20,63.3,51.7,55.8,55.8,49.5,80.5,,0.331,0,9.9,1010.1,45.1,6.6,129.5,11.2,6,41.653315,-8.43569
2020-04-21,67.4,52.2,58.8,58.8,53.3,82.2,,0.049,0,18.6,1011.9,52.6,6.0,113.5,9.7,6,41.449721999999994,-8.296389
2020-04-22,65.8,54.1,58.7,58.7,54.1,85.0,,0.0,0,15.6,1018.2,41.6,6.6,76.1,6.4,2,41.653315,-8.4067
2020-04-23,68.4,48.3,58.4,58.4,52.1,79.9,,0.0,0,11.9,1017.4,50.3,6.2,244.5,21.0,9,41.650791,-8.4067
2020-04-24,67.1,52.6,59.3,59.3,55.3,86.8,,0.004,0,13.2,1013.4,58.3,6.1,181.5,15.9,7,41.650791,-8.58779
2020-04-25,62.4,54.1,59.6,59.6,54.5,83.5,,0.006,0,9.7,1012.4,71.4,5.7,76.8,6.7,3,41.449721999999994,-8.43569
2020-04-26,63.7,51.3,57.5,57.5,52.4,83.3,,0.02,0,8.9,1013.6,43.3,6.3,97.4,8.4,4,41.5549,-8.43569
2020-04-27,64.0,53.2,57.9,57.9,51.6,79.8,,0.359,0,9.5,1013.9,50.9,6.8,129.0,11.0,5,41.653315,-8.296389
2020-04-28,66.0,52.7,59.4,59.4,52.2,77.6,,0.094,0,12.5,1017.0,48.4,7.2,176.5,15.2,9,41.650791,-8.4067
2020-04-29,64.8,56.4,60.3,60.3,54.0,80.8,,0.42100000000000004,0,15.4,1017.2,57.7,5.7,70.5,6.1,3,41.449721999999994,-8.43569
2020-04-30,65.5,58.5,62.2,62.2,57.4,84.3,,0.055999999999999994,0,14.6,1018.0,68.3,6.0,72.5,6.1,2,41.653315,-8.43569
2020-05-01,66.5,59.1,64.1,64.1,56.3,78.7,,0.278,0,14.2,1020.5,90.0,3.9,70.6,6.2,2,41.653315,-8.296389
2020-05-02,71.3,60.1,66.1,66.1,56.0,73.0,,0.01,0,10.4,1021.5,58.3,6.4,128.7,11.2,4,41.5549,-8.296389
2020-05-03,90.0,56.9,72.8,73.2,58.7,64.6,,0.002,0,9.7,1014.2,64.6,5.9,299.9,25.9,9,41.650791,-8.4067
2020-05-04,70.6,63.0,66.2,66.2,60.3,81.5,,0.141,0,21.7,1009.4,50.4,6.6,155.9,13.5,5,41.653315,-8.58779
2020-05-05,72.3,58.8,64.6,64.6,58.2,80.1,,0.005,0,16.0,1015.9,47.1,7.1,229.6,19.9,8,41.449721999999994,-8.43569
2020-05-06,72.1,58.0,63.9,63.9,56.4,77.9,,0.0,0,9.5,1019.3,48.8,7.0,279.3,24.2,9,41.449721999999994,-8.58779
2020-05-07,74.4,56.5,64.7,64.7,58.6,81.2,,0.0,0,9.3,1014.8,77.7,7.0,271.0,23.4,9,41.650791,-8.4067
2020-05-08,67.2,60.1,63.1,63.1,57.8,82.9,,0.0,0,7.9,1013.7,71.3,6.3,136.8,11.6,5,41.449721999999994,-8.296389
2020-05-09,62.9,54.7,59.0,59.0,53.7,83.8,,1.117,0,12.9,1010.2,49.1,6.5,115.4,9.9,5,41.653315,-8.58779
2020-05-10,66.0,51.8,59.0,59.0,51.8,78.7,,0.10099999999999999,0,11.5,1008.6,36.3,7.0,220.1,19.0,9,41.650791,-8.58779
2020-05-11,68.5,55.7,61.6,61.6,51.9,72.8,,0.355,0,13.1,1007.5,45.1,7.0,136.2,11.7,5,41.653315,-8.4067
2020-05-12,66.7,55.7,61.1,61.1,55.3,81.7,,0.043,0,8.6,1008.8,46.9,6.8,240.5,20.7,8,41.653315,-8.4067
2020-05-13,66.8,55.6,60.3,60.3,53.7,79.5,,0.20800000000000002,0,13.6,1004.3,34.9,6.9,166.0,14.3,8,41.653315,-8.58779
2020-05-14,62.3,53.1,57.6,57.6,53.3,86.1,,0.7020000000000001,0,10.9,1005.7,50.6,6.2,137.6,11.9,5,41.650791,-8.4067
2020-05-15,69.8,54.9,62.3,62.3,54.5,76.5,,0.02,0,13.6,1013.5,59.9,7.6,217.9,18.9,7,41.650791,-8.43569
2020-05-16,71.1,53.2,63.1,63.1,51.9,67.8,,0.0,0,13.0,1018.9,12.3,7.5,332.4,28.8,9,41.5549,-8.4067
2020-05-17,72.0,56.4,64.6,64.6,53.0,67.4,,0.0,0,12.4,1022.7,4.7,7.1,331.5,28.7,9,41.5549,-8.296389
2020-05-18,73.1,54.7,64.5,64.5,56.2,75.2,,0.0,0,13.7,1023.9,47.5,6.8,320.5,27.8,9,41.653315,-8.43569
2020-05-19,73.9,54.0,64.4,64.4,56.1,75.4,,0.0,0,10.7,1020.6,30.5,7.0,323.4,28.0,9,41.653315,-8.296389
2020-05-20,69.5,57.8,62.9,62.9,57.7,83.6,,0.0,0,16.7,1019.3,49.3,6.7,314.1,27.1,9,41.650791,-8.4067
2020-05-21,70.0,55.4,62.2,62.2,57.4,84.6,,0.0,0,10.5,1021.4,64.3,7.2,303.3,26.2,9,41.5549,-8.43569
2020-05-22,71.7,57.3,64.6,64.6,60.1,85.5,,0.018000000000000002,0,11.7,1025.5,51.8,6.7,324.3,28.2,9,41.650791,-8.296389
2020-05-23,74.0,56.5,65.3,65.3,56.9,75.8,,0.0,0,14.2,1027.3,50.7,6.7,330.3,28.6,9,41.449721999999994,-8.4067
2020-05-24,76.8,58.4,67.7,67.7,57.2,70.8,,0.0,0,10.5,1024.4,51.1,7.8,328.6,28.4,9,41.5549,-8.43569
2020-05-25,78.6,58.7,68.6,68.6,61.5,79.5,,0.0,0,9.9,1022.6,16.9,6.4,327.8,28.2,9,41.449721999999994,-8.58779
2020-05-26,86.3,68.5,76.9,76.9,58.9,55.0,,0.0,0,14.2,1021.4,3.2,7.8,328.6,28.5,9,41.5549,-8.296389
2020-05-27,90.1,72.6,80.1,80.3,60.8,52.9,,0.0,0,12.3,1019.9,8.8,7.8,295.8,25.7,9,41.650791,-8.4067
2020-05-28,85.3,69.5,77.3,77.6,62.0,60.6,,0.0,0,9.3,1018.5,20.0,7.0,227.7,19.6,9,41.653315,-8.296389
2020-05-29,77.3,63.3,70.6,70.6,63.4,78.3,,0.0,0,10.2,1015.0,26.6,6.5,317.2,27.3,9,41.650791,-8.296389
2020-05-30,68.7,61.6,64.0,64.0,60.6,88.7,,0.0,0,7.9,1012.7,85.6,4.0,334.7,28.9,9,41.449721999999994,-8.43569
2020-05-31,69.4,60.1,63.9,63.9,59.5,86.1,,0.0,0,11.6,1011.2,70.8,5.3,307.8,26.6,10,41.449721999999994,-8.43569
2020-06-01,73.4,60.8,66.8,66.8,60.7,81.0,,0.18600000000000003,0,7.4,1013.6,45.9,6.6,222.9,19.3,8,41.449721999999994,-8.58779
2020-06-02,75.9,63.3,69.0,69.0,60.8,76.5,,0.0,0,8.8,1014.2,74.5,7.1,182.1,15.9,6,41.650791,-8.43569
2020-06-03,69.8,62.6,65.3,65.3,61.1,86.5,,0.0,0,8.4,1013.0,62.7,5.6,218.1,19.0,8,41.653315,-8.58779
2020-06-04,70.4,59.1,64.7,64.7,56.5,75.6,,0.0,0,16.3,1011.5,46.4,6.7,224.3,19.3,7,41.5549,-8.58779
2020-06-05,69.1,52.6,61.7,61.7,53.6,75.7,,0.0,0,14.4,1014.7,23.2,7.6,336.7,29.1,9,41.5549,-8.43569
2020-06-06,67.5,56.7,61.5,61.5,56.4,83.6,,0.0,0,13.7,1012.8,64.2,7.1,269.3,23.3,9,41.650791,-8.58779
2020-06-07,68.2,55.9,62.1,62.1,53.0,74.3,,0.0,0,21.9,1013.5,39.8,7.3,258.5,22.4,10,41.5549,-8.296389
2020-06-08,70.9,50.3,61.7,61.7,49.4,64.9,,0.0,0,19.6,1018.4,22.4,7.7,243.4,21.1,8,41.650791,-8.58779
2020-06-09,72.2,51.5,62.5,62.5,50.9,67.3,,0.0,0,14.0,1019.6,33.4,7.7,332.4,28.7,9,41.653315,-8.58779
2020-06-10,70.5,53.1,61.6,61.6,53.6,76.0,,0.0,0,17.0,1017.8,39.4,7.0,324.3,27.9,9,41.449721999999994,-8.58779
2020-06-11,64.8,56.9,60.1,60.1,54.0,81.1,,0.098,0,17.4,1013.0,57.9,6.1,137.4,11.9,6,41.650791,-8.43569
2020-06-12,63.3,56.9,59.0,59.0,55.1,86.9,,0.5920000000000001,0,10.5,1009.5,54.7,6.3,92.2,8.0,4,41.449721999999994,-8.58779
2020-06-13,67.7,54.2,61.2,61.2,54.1,79.5,,0.017,0,9.6,1016.9,51.9,6.4,145.1,12.6,4,41.5549,-8.296389
2020-06-14,68.6,55.7,61.7,61.7,55.8,81.4,,0.042,0,9.0,1022.3,47.2,6.9,77.5,6.8,3,41.5549,-8.43569
2020-06-15,67.4,56.0,62.1,62.1,56.7,83.0,,0.009000000000000001,0,7.6,1024.4,44.8,7.4,104.9,9.1,4,41.5549,-8.4067
2020-06-16,67.9,59.1,62.9,62.9,57.0,81.4,,0.054000000000000006,0,12.3,1022.6,54.9,7.2,135.8,11.7,5,41.650791,-8.296389
2020-06-17,68.7,55.8,62.3,62.3,55.0,78.0,,0.0,0,13.3,1019.7,44.5,8.3,204.3,17.5,8,41.5549,-8.296389
2020-06-18,68.5,52.3,61.8,61.8,54.3,77.3,,0.0,0,16.3,1017.7,33.1,8.0,336.8,29.2,9,41.653315,-8.43569
2020-06-19,68.9,51.0,61.7,61.7,53.9,76.7,,0.0,0,12.3,1021.3,14.6,8.0,341.4,29.5,9,41.449721999999994,-8.296389
2020-06-20,71.9,55.2,64.4,64.4,57.9,80.2,,0.0,0,11.3,1024.4,37.5,7.2,343.0,29.6,9,41.449721999999994,-8.58779
2020-06-21,74.4,60.0,67.1,67.1,60.2,80.0,,0.003,0,13.4,1026.3,48.7,6.7,312.0,26.9,10,41.650791,-8.296389
2020-06-22,84.4,59.7,72.0,72.4,61.8,72.9,,0.0,0,13.3,1020.2,35.7,6.3,329.8,28.5,9,41.5549,-8.43569
2020-06-23,73.9,63.1,67.8,67.8,62.1,82.3,,0.0,0,9.0,1014.9,49.9,5.2,335.4,29.1,9,41.650791,-8.4067
2020-06-24,68.7,62.3,64.5,64.5,61.7,90.9,,0.005,0,10.3,1016.3,67.9,3.5,320.8,27.7,9,41.653315,-8.58779
2020-06-25,70.0,60.0,64.3,64.3,60.2,87.0,,0.0,0,14.4,1017.0,78.0,5.1,209.4,18.2,9,41.5549,-8.4067
2020-06-26,70.5,59.1,63.8,63.8,58.1,82.9,,0.044000000000000004,0,8.6,1017.8,67.5,6.3,216.5,18.7,9,41.653315,-8.296389
2020-06-27,69.7,63.4,65.9,65.9,58.0,79.7,,0.063,0,9.3,1019.4,76.4,4.9,102.5,8.7,3,41.5549,-8.4067
2020-06-28,73.5,59.5,66.6,66.6,62.4,87.0,,0.002,0,11.4,1021.1,52.0,5.7,168.4,14.6,5,41.653315,-8.296389
2020-06-29,78.1,61.0,68.9,68.9,61.4,78.6,,0.0,0,12.3,1018.0,46.6,6.4,333.2,28.6,9,41.5549,-8.58779
2020-06-30,79.2,61.6,70.1,70.1,62.1,76.6,,0.0,0,17.6,1013.1,11.7,7.4,297.3,25.7,10,41.5549,-8.43569
2020-07-01,73.2,63.4,67.2,67.2,60.9,81.2,,0.0,0,14.3,1016.9,46.1,7.4,252.3,21.7,9,41.5549,-8.4067
2020-07-02,71.3,59.1,64.9,64.9,54.8,70.3,,0.0,0,17.6,1020.6,40.2,8.2,257.2,22.3,7,41.650791,-8.58779
2020-07-03,72.4,51.2,63.4,63.4,52.9,69.8,,0.0,0,17.3,1022.6,2.5,7.9,342.8,29.7,9,41.449721999999994,-8.43569
2020-07-04,78.4,55.7,67.7,67.7,58.1,72.8,,0.0,0,14.5,1022.1,9.0,7.3,334.5,28.9,9,41.650791,-8.58779
2020-07-05,85.4,62.4,74.2,74.7,62.6,69.0,,0.0,0,10.8,1019.1,14.1,7.0,312.8,27.0,9,41.5549,-8.296389
2020-07-06,87.3,62.7,74.0,74.5,62.4,69.3,,0.0,0,11.0,1016.5,1.8,7.2,324.6,28.0,9,41.449721999999994,-8.4067
2020-07-07,79.1,63.3,70.3,70.3,60.6,73.0,,0.0,0,7.8,1014.3,9.1,7.1,325.0,28.1,9,41.449721999999994,-8.58779
2020-07-08,71.5,62.4,66.1,66.1,61.0,84.2,,0.0,0,8.6,1013.6,72.3,6.5,300.5,25.9,9,41.650791,-8.58779
2020-07-09,78.3,61.4,68.7,68.7,60.5,76.8,,0.008,0,14.8,1016.2,37.1,5.9,311.7,27.0,9,41.5549,-8.296389
2020-07-10,81.3,59.7,70.8,71.0,59.3,68.5,,0.0,0,11.0,1015.5,3.5,7.3,325.8,28.2,9,41.650791,-8.296389
2020-07-11,87.3,63.8,76.0,76.3,60.5,60.5,,0.013999999999999999,0,10.2,1013.2,11.2,7.7,304.9,26.5,9,41.5549,-8.43569
2020-07-12,83.2,69.6,76.4,76.5,61.9,61.5,,0.002,0,11.3,1015.2,31.9,7.7,314.3,27.1,10,41.449721999999994,-8.43569
2020-07-13,88.5,69.0,78.3,78.9,62.5,59.7,,0.0,0,14.5,1017.9,3.7,7.5,322.5,27.9,9,41.5549,-8.4067
2020-07-14,80.9,66.3,73.3,73.3,55.4,54.2,,0.0,0,15.6,1016.5,25.6,7.5,311.1,26.8,9,41.653315,-8.296389
2020-07-15,89.3,65.0,77.3,76.8,54.7,47.4,,0.0,0,14.5,1015.8,7.9,8.2,321.2,27.6,9,41.650791,-8.4067
2020-07-16,92.3,72.0,81.8,81.2,56.5,43.5,,0.0,0,14.0,1015.8,14.2,7.7,322.1,27.9,9,41.650791,-8.43569
2020-07-17,96.2,75.3,84.6,83.6,55.3,38.7,,0.0,0,14.7,1013.7,14.0,7.9,326.2,28.1,9,41.653315,-8.296389
2020-07-18,87.7,66.1,76.9,76.9,60.0,57.8,,0.0,0,7.4,1013.1,2.6,6.8,316.6,27.2,9,41.449721999999994,-8.43569
2020-07-19,72.6,62.3,67.5,67.5,59.5,76.7,,0.0,0,8.6,1014.8,55.5,6.0,311.2,26.8,9,41.449721999999994,-8.58779
2020-07-20,76.6,60.8,67.4,67.4,60.7,80.1,,0.0,0,7.5,1014.8,58.1,4.8,311.7,26.8,9,41.449721999999994,-8.296389
2020-07-21,85.7,64.8,73.8,74.3,63.1,70.7,,0.004,0,9.2,1014.3,49.0,6.9,213.7,18.5,7,41.650791,-8.296389
2020-07-22,82.7,65.4,73.9,74.3,63.9,72.0,,0.0,0,9.2,1017.0,2.2,6.8,304.0,26.4,9,41.5549,-8.4067
2020-07-23,77.1,63.8,69.6,69.6,61.8,77.8,,0.0,0,13.0,1017.8,32.3,5.5,309.4,26.7,9,41.5549,-8.43569
2020-07-24,78.7,59.5,69.4,69.4,60.1,74.0,,0.0,0,14.7,1017.0,1.8,7.0,346.7,29.9,10,41.5549,-8.296389
2020-07-25,75.5,59.7,68.1,68.1,60.7,78.2,,0.0,0,20.0,1016.6,7.5,7.2,317.0,27.2,9,41.650791,-8.4067
2020-07-26,77.9,60.1,69.1,69.1,61.8,78.8,,0.0,0,15.2,1016.2,18.5,6.3,330.4,28.6,9,41.5549,-8.43569
2020-07-27,76.7,58.3,68.3,68.3,62.0,80.9,,0.0,0,19.5,1016.4,23.2,6.4,309.0,26.7,9,41.449721999999994,-8.58779
2020-07-28,78.3,62.6,69.2,69.2,63.1,82.1,,0.0,0,10.1,1016.6,43.5,4.8,293.0,25.3,9,41.650791,-8.58779
2020-07-29,79.6,61.3,69.5,69.5,61.7,77.6,,0.0,0,6.7,1013.5,1.2,7.1,299.0,26.0,8,41.5549,-8.43569
2020-07-30,72.7,62.1,66.7,66.7,60.4,81.8,,0.0,0,9.5,1013.1,64.1,5.4,289.0,25.1,8,41.653315,-8.58779
2020-07-31,73.9,62.9,67.6,67.6,60.3,78.0,,0.004,0,12.3,1017.1,59.9,6.5,344.4,29.7,10,41.650791,-8.58779
2020-08-01,74.7,62.0,67.8,67.8,61.5,81.4,,0.0,0,16.3,1020.2,48.2,4.8,330.1,28.4,9,41.5549,-8.43569
2020-08-02,77.5,58.3,66.9,66.9,59.0,77.2,,0.0,0,16.3,1019.7,52.1,6.2,254.3,21.8,7,41.650791,-8.296389
2020-08-03,72.3,59.3,66.3,66.3,60.0,80.9,,0.0,0,16.7,1019.2,61.3,7.1,288.5,24.9,9,41.5549,-8.43569
2020-08-04,79.6,59.5,69.5,69.5,60.5,74.8,,0.0,0,13.2,1015.7,41.3,7.4,300.2,25.8,9,41.5549,-8.58779
2020-08-05,78.3,58.4,68.6,68.6,59.8,74.7,,0.0,0,14.9,1012.7,6.9,6.4,293.1,25.2,9,41.5549,-8.4067
2020-08-06,77.4,59.9,68.4,68.4,59.9,75.9,,0.0,0,9.8,1012.2,11.4,6.5,281.2,24.2,9,41.449721999999994,-8.296389
2020-08-07,75.4,63.3,67.9,67.9,62.8,84.3,,0.002,0,11.6,1016.8,58.2,5.1,280.7,24.2,8,41.653315,-8.43569
2020-08-08,74.5,62.7,66.8,66.8,61.0,83.3,,0.0,0,10.6,1018.2,66.0,4.2,251.2,21.6,8,41.5549,-8.4067
2020-08-09,70.9,62.4,65.5,65.5,62.2,89.1,,0.0,0,9.0,1016.4,90.1,4.5,225.1,19.3,7,41.650791,-8.58779
2020-08-10,73.2,62.0,66.4,66.4,62.3,87.5,,0.004,0,7.0,1012.7,79.3,4.8,242.7,20.9,8,41.449721999999994,-8.43569
2020-08-11,73.1,62.7,67.0,67.0,62.8,86.9,,0.0,0,8.2,1011.3,67.9,5.6,220.5,19.2,7,41.449721999999994,-8.296389
2020-08-12,72.9,61.4,66.7,66.7,60.7,82.5,,0.064,0,13.5,1015.3,48.4,5.0,100.4,8.7,6,41.650791,-8.4067
2020-08-13,72.9,56.2,65.5,65.5,61.0,86.1,,0.0,0,16.1,1018.4,47.9,6.4,253.9,21.9,9,41.650791,-8.4067
2020-08-14,71.1,54.4,63.9,63.9,60.1,88.2,,0.0,0,10.5,1017.6,51.5,5.7,279.0,24.1,9,41.5549,-8.43569
2020-08-15,72.7,58.3,65.0,65.0,60.1,84.9,,0.018000000000000002,0,10.8,1017.2,49.6,5.6,185.4,16.0,8,41.5549,-8.4067
2020-08-16,72.0,58.8,65.7,65.7,61.5,87.0,,0.046,0,13.7,1017.2,56.8,5.7,128.8,11.2,7,41.653315,-8.58779
2020-08-17,70.0,65.9,67.7,67.7,64.7,91.2,,0.27699999999999997,0,15.7,1015.7,91.0,2.5,70.8,6.2,2,41.449721999999994,-8.58779
2020-08-18,75.1,68.2,70.3,70.3,62.1,79.5,,0.10099999999999999,0,14.2,1015.2,69.4,3.7,103.0,8.9,3,41.5549,-8.58779
2020-08-19,72.1,68.2,69.5,69.5,60.2,75.7,,0.6459999999999999,0,17.9,1009.9,72.4,5.3,105.1,9.1,4,41.5549,-8.296389
2020-08-20,73.5,62.2,68.1,68.1,61.6,81.4,,0.39799999999999996,0,13.7,1009.0,53.8,5.3,199.5,17.2,8,41.653315,-8.43569
2020-08-21,74.3,61.8,67.6,67.6,62.7,85.0,,0.004,0,10.4,1016.8,40.9,6.6,129.1,11.1,4,41.5549,-8.43569
2020-08-22,73.3,55.7,65.1,65.1,59.6,83.5,,0.0,0,14.8,1023.9,33.9,6.4,270.2,23.2,8,41.650791,-8.4067
2020-08-23,76.5,57.7,67.8,67.8,61.3,81.1,,0.0,0,13.6,1022.1,15.7,6.6,262.7,22.7,8,41.449721999999994,-8.4067
2020-08-24,82.0,60.9,71.7,72.0,61.4,72.5,,0.0,0,12.2,1016.7,38.2,6.6,256.8,22.3,8,41.449721999999994,-8.58779
2020-08-25,76.1,55.9,66.8,66.8,61.0,82.9,,0.0,0,15.0,1017.1,42.8,6.6,259.8,22.4,8,41.449721999999994,-8.4067
2020-08-26,77.6,61.5,69.1,69.1,63.9,85.0,,0.0,0,17.1,1019.9,47.7,5.5,255.1,22.0,8,41.650791,-8.4067
2020-08-27,76.2,64.9,69.7,69.7,66.6,90.3,,0.006999999999999999,0,14.6,1020.5,64.3,4.3,257.1,22.1,8,41.449721999999994,-8.4067
2020-08-28,70.9,59.5,66.1,66.1,58.1,76.8,,0.015,0,20.0,1016.2,37.5,6.5,238.0,20.6,9,41.650791,-8.296389
2020-08-29,71.5,53.9,63.4,63.4,53.9,72.7,,0.0,0,19.6,1015.1,33.1,6.8,172.4,14.6,5,41.5549,-8.4067
2020-08-30,72.7,55.1,63.5,63.5,51.3,65.9,,0.0,0,20.2,1017.4,6.8,7.4,254.9,22.0,8,41.449721999999994,-8.4067
2020-08-31,73.3,52.8,64.1,64.1,50.1,62.5,,0.0,0,9.7,1018.0,64.8,7.6,242.9,21.0,8,41.650791,-8.4067
2020-09-01,70.5,55.7,63.9,63.9,55.9,76.0,,0.0,0,17.6,1015.7,29.2,7.5,242.8,21.1,8,41.5549,-8.43569
2020-09-02,78.0,55.7,67.3,67.3,56.7,71.6,,0.0,0,11.9,1016.1,10.5,7.1,248.4,21.5,8,41.5549,-8.4067
2020-09-03,82.8,60.8,70.9,70.9,57.9,65.9,,0.0,0,8.5,1018.7,2.5,7.4,243.1,21.1,8,41.650791,-8.58779
2020-09-04,71.6,58.5,65.8,65.8,59.1,79.4,,0.0,0,9.4,1020.5,32.0,6.3,237.9,20.6,8,41.653315,-8.4067
2020-09-05,76.5,59.2,66.3,66.3,61.3,85.2,,0.001,0,7.2,1018.4,50.7,4.2,233.3,20.2,7,41.650791,-8.43569
2020-09-06,83.9,59.6,72.3,72.4,59.6,67.2,,0.0,0,10.4,1015.6,0.6,7.0,228.3,19.6,7,41.650791,-8.296389
2020-09-07,84.6,63.7,73.2,72.9,54.0,53.1,,0.0,0,14.2,1017.3,19.9,7.5,232.5,20.2,8,41.449721999999994,-8.296389
2020-09-08,84.7,66.6,73.1,72.7,46.4,39.8,,0.0,0,15.1,1019.2,65.5,6.9,229.4,19.8,7,41.653315,-8.43569
2020-09-09,83.8,62.8,72.6,72.1,47.8,43.4,,0.0,0,9.7,1019.3,45.3,7.4,225.5,19.5,8,41.5549,-8.43569
2020-09-10,78.7,57.1,69.1,69.1,53.5,58.8,,0.0,0,8.6,1018.1,29.5,6.8,221.9,19.2,7,41.449721999999994,-8.296389
2020-09-11,78.1,58.0,68.2,68.2,58.5,72.4,,0.0,0,6.5,1014.1,35.5,6.3,203.5,17.6,7,41.650791,-8.43569
2020-09-12,89.1,60.6,75.2,74.8,56.8,56.9,,0.0,0,9.0,1014.4,72.8,7.0,206.8,17.9,7,41.653315,-8.296389
2020-09-13,90.1,68.2,77.1,76.6,56.6,51.3,,0.0,0,8.3,1016.4,84.1,7.3,112.9,9.8,6,41.449721999999994,-8.58779
2020-09-14,75.5,65.8,70.0,70.0,64.0,82.0,,0.011000000000000001,0,9.7,1019.0,56.0,6.2,78.3,6.8,5,41.653315,-8.296389
2020-09-15,74.6,64.9,69.2,69.2,62.1,78.6,,0.019,0,12.4,1019.8,41.5,7.3,150.1,12.9,7,41.653315,-8.296389
2020-09-16,77.8,60.8,67.5,67.5,60.1,78.4,,0.0,0,8.9,1017.0,55.1,6.8,164.9,14.4,6,41.5549,-8.4067
2020-09-17,78.1,61.2,67.0,67.0,61.2,82.9,,0.253,0,9.7,1010.7,56.0,6.2,221.2,18.9,8,41.5549,-8.43569
2020-09-18,77.7,59.4,67.2,67.2,58.9,77.4,,0.242,0,11.1,1008.1,45.8,6.2,144.5,12.5,5,41.449721999999994,-8.58779
2020-09-19,67.9,62.3,65.0,65.0,62.9,92.8,,1.421,0,11.8,1013.3,64.3,5.9,107.1,9.4,5,41.5549,-8.296389
2020-09-20,70.1,63.6,66.6,66.6,63.8,91.1,,0.065,0,10.5,1017.8,65.2,6.0,107.4,9.4,4,41.5549,-8.296389
2020-09-21,71.0,60.4,64.4,64.4,60.6,88.3,,0.191,0,8.9,1019.6,38.9,6.3,174.2,14.9,7,41.5549,-8.296389
2020-09-22,70.5,57.1,63.8,63.8,59.4,86.2,,0.013000000000000001,0,10.5,1016.4,48.5,6.5,145.0,12.5,7,41.650791,-8.4067
2020-09-23,68.8,60.5,65.3,65.3,61.5,88.1,,0.452,0,11.0,1014.1,59.4,6.8,105.8,9.1,4,41.650791,-8.58779
2020-09-24,66.9,58.9,62.1,62.1,56.2,81.8,,0.027999999999999997,0,10.5,1018.6,51.1,5.9,122.2,10.4,6,41.5549,-8.296389
2020-09-25,65.9,54.3,59.7,59.7,50.1,71.3,,0.013000000000000001,0,16.7,1026.4,46.5,7.2,132.3,11.4,6,41.650791,-8.296389
2020-09-26,63.6,50.8,57.9,57.9,53.6,85.8,,0.18899999999999997,0,11.7,1025.3,59.1,5.7,83.7,7.2,3,41.653315,-8.4067
2020-09-27,68.8,56.5,63.1,63.1,57.4,82.3,,0.002,0,16.2,1018.8,36.6,6.5,147.3,12.9,7,41.449721999999994,-8.58779
2020-09-28,68.6,49.2,58.8,58.8,50.3,74.5,,0.0,0,8.0,1017.9,55.9,6.9,159.7,13.7,5,41.449721999999994,-8.58779
2020-09-29,70.1,52.6,61.5,61.5,54.0,77.6,,0.0,0,7.9,1017.7,27.0,6.7,217.3,18.7,8,41.653315,-8.58779
2020-09-30,65.8,51.8,59.2,59.2,53.4,82.0,,0.0,0,10.8,1018.2,42.6,6.9,184.8,16.0,6,41.5549,-8.58779
2020-10-01,64.9,57.7,61.2,61.2,56.6,85.3,,0.121,0,14.7,1014.8,51.5,6.5,80.7,6.9,3,41.5549,-8.4067
2020-10-02,63.1,53.6,58.3,58.3,52.6,81.8,,0.444,0,19.2,1005.6,53.9,5.9,67.0,5.8,4,41.449721999999994,-8.58779
2020-10-03,62.9,48.5,55.3,55.3,50.6,84.7,,0.037000000000000005,0,9.3,1012.1,38.3,6.0,126.6,10.9,4,41.5549,-8.58779
2020-10-04,64.1,55.6,59.1,59.1,54.3,84.7,,0.171,0,11.8,1014.0,48.8,6.0,80.0,7.0,4,41.650791,-8.296389
2020-10-05,63.9,52.7,57.8,57.8,56.0,93.8,,0.062,0,9.8,1020.2,66.3,4.7,43.6,3.6,2,41.449721999999994,-8.296389
2020-10-06,66.4,60.0,62.7,62.7,61.7,96.8,,0.175,0,8.7,1024.8,76.7,3.8,144.7,12.4,6,41.653315,-8.58779
2020-10-07,70.7,59.0,63.3,63.3,60.1,90.1,,0.022000000000000002,0,12.9,1024.7,58.8,5.7,165.4,14.3,6,41.653315,-8.58779
2020-10-08,68.2,55.8,60.2,60.2,57.3,90.6,,0.003,0,9.8,1022.4,62.6,4.8,159.7,13.8,6,41.653315,-8.4067
2020-10-09,69.2,51.9,59.9,59.9,55.9,87.5,,0.002,0,9.9,1023.9,39.7,5.8,169.4,14.8,6,41.653315,-8.43569
2020-10-10,73.0,53.4,62.1,62.1,53.3,75.4,,0.002,0,9.2,1024.8,22.9,5.6,140.1,12.1,7,41.449721999999994,-8.58779
2020-10-11,69.6,49.9,60.0,59.9,45.8,60.8,,0.0,0,11.1,1026.9,13.6,7.6,167.7,14.5,6,41.653315,-8.4067
2020-10-12,68.2,47.9,58.1,57.8,46.7,67.1,,0.0,0,9.2,1026.8,41.6,7.9,138.3,11.8,6,41.653315,-8.296389
2020-10-13,64.3,53.7,58.1,58.1,52.9,84.0,,0.002,0,15.2,1021.2,67.5,6.1,110.3,9.5,5,41.449721999999994,-8.296389
2020-10-14,61.1,46.3,54.2,54.0,47.9,80.0,,0.0,0,12.7,1019.5,32.0,6.6,164.9,14.2,7,41.650791,-8.4067
2020-10-15,61.9,45.2,53.2,52.7,46.6,79.5,,0.0,0,12.9,1020.9,17.7,6.9,134.0,11.6,6,41.5549,-8.43569
2020-10-16,61.2,46.7,53.5,52.6,44.5,72.9,,0.0,0,7.6,1019.4,36.8,7.7,141.8,12.2,6,41.5549,-8.43569
2020-10-17,62.1,49.5,55.3,54.8,50.5,84.2,,0.013000000000000001,0,7.3,1017.2,81.8,6.4,93.0,8.1,4,41.653315,-8.4067
2020-10-18,72.2,54.3,62.2,62.2,49.9,68.2,,0.0,0,8.9,1017.2,65.4,6.7,123.1,10.6,5,41.449721999999994,-8.58779
2020-10-19,67.1,60.0,62.7,62.7,52.2,70.8,,0.447,0,16.6,1009.5,86.3,5.8,83.4,7.2,5,41.650791,-8.58779
2020-10-20,63.3,57.6,60.3,60.3,58.5,94.1,,0.327,0,9.5,1001.7,76.4,5.0,30.0,2.5,2,41.449721999999994,-8.4067
2020-10-21,61.9,55.9,58.4,58.4,56.5,93.4,,0.375,0,13.7,1004.7,65.9,6.3,62.0,5.4,2,41.653315,-8.43569
2020-10-22,62.9,53.6,57.5,57.5,53.5,87.0,,0.084,0,9.8,1011.9,59.2,7.2,80.5,7.1,4,41.650791,-8.58779
2020-10-23,61.7,52.7,56.3,56.3,52.7,88.3,,0.212,0,6.9,1022.2,66.4,6.2,69.4,5.9,3,41.650791,-8.58779
2020-10-24,61.6,55.1,58.5,58.5,55.0,88.3,,0.135,0,18.6,1022.7,87.8,5.8,67.1,5.8,4,41.653315,-8.58779
2020-10-25,60.1,50.0,56.5,56.5,53.4,89.6,,1.375,0,21.0,1014.6,74.7,5.3,47.7,4.3,3,41.5549,-8.43569
2020-10-26,59.2,45.0,51.6,51.0,48.2,88.5,,0.111,0,8.1,1021.0,58.7,6.4,74.5,6.5,4,41.5549,-8.296389
2020-10-27,59.0,50.3,55.8,55.8,54.6,95.7,,0.738,0,13.6,1019.4,93.9,4.3,37.5,3.3,1,41.653315,-8.43569
2020-10-28,62.8,52.4,58.4,58.4,55.5,90.6,,0.018000000000000002,0,6.2,1022.8,73.1,5.9,74.9,6.5,3,41.449721999999994,-8.296389
2020-10-29,62.3,46.9,54.1,53.2,50.1,87.0,,0.004,0,9.1,1025.9,42.7,5.9,84.1,7.1,4,41.653315,-8.296389
2020-10-30,67.4,51.6,58.3,58.3,53.1,83.7,,0.0,0,10.2,1025.0,54.3,6.6,79.4,6.9,4,41.653315,-8.4067
2020-10-31,63.5,56.8,60.6,60.6,58.2,92.1,,0.053,0,9.1,1025.4,95.8,5.5,47.1,4.1,2,41.650791,-8.296389
2020-11-01,64.0,61.8,62.7,62.7,61.8,96.8,,0.086,0,14.7,1024.1,99.3,3.9,35.7,3.0,2,41.650791,-8.58779
2020-11-02,63.6,53.3,60.5,60.5,58.1,92.0,,0.28800000000000003,0,10.6,1024.3,90.0,4.6,38.4,3.3,3,41.449721999999994,-8.58779
2020-11-03,60.5,46.7,53.2,52.6,43.8,71.6,,0.0,0,16.5,1030.0,25.5,7.2,58.8,5.1,2,41.650791,-8.296389
2020-11-04,58.4,45.1,51.5,50.1,38.9,62.9,,0.008,0,15.0,1021.6,51.3,6.9,56.9,4.9,3,41.653315,-8.43569
2020-11-05,64.0,54.3,59.5,59.5,46.9,63.0,,0.027000000000000003,0,19.3,1013.6,77.2,8.2,60.7,5.2,3,41.650791,-8.58779
2020-11-06,61.6,56.1,58.4,58.4,52.4,80.8,,0.318,0,12.7,1009.6,64.6,6.6,26.2,2.3,1,41.449721999999994,-8.4067
2020-11-07,61.3,56.7,59.0,59.0,54.7,85.8,,0.12300000000000001,0,13.4,1014.0,78.8,6.6,56.9,4.9,3,41.650791,-8.4067
2020-11-08,62.8,58.8,60.5,60.5,56.8,87.5,,0.311,0,15.0,1016.4,66.3,6.2,55.4,4.7,3,41.650791,-8.296389
2020-11-09,61.6,50.8,57.4,57.4,55.0,91.7,,0.092,0,10.1,1022.5,63.5,6.1,50.6,4.4,2,41.449721999999994,-8.4067
2020-11-10,60.7,47.1,52.9,52.0,50.0,90.6,,0.004,0,10.3,1026.7,62.5,5.4,52.2,4.6,3,41.5549,-8.43569
2020-11-11,61.4,50.4,55.6,55.6,49.8,81.1,,0.0,0,13.2,1022.9,67.0,7.2,65.1,5.6,3,41.449721999999994,-8.43569
2020-11-12,64.9,49.2,56.9,56.7,51.2,82.0,,0.0,0,10.3,1020.6,70.2,6.8,46.3,3.8,2,41.653315,-8.43569
2020-11-13,66.2,52.6,58.2,58.2,51.0,77.3,,0.0,0,10.6,1018.6,55.1,6.7,43.6,3.8,2,41.650791,-8.296389
2020-11-14,62.0,55.3,59.6,59.6,56.4,89.4,,0.149,0,13.1,1017.1,84.5,5.5,68.2,5.9,3,41.5549,-8.296389
2020-11-15,62.2,55.2,60.1,60.1,59.0,96.0,,0.266,0,14.2,1019.1,93.6,5.1,28.4,2.4,1,41.449721999999994,-8.58779
2020-11-16,60.2,49.7,53.9,53.8,52.1,94.3,,0.002,0,4.7,1025.1,64.3,3.6,42.2,3.6,2,41.653315,-8.58779
2020-11-17,65.0,49.1,56.9,56.4,52.6,86.0,,0.015,0,10.6,1024.2,57.8,6.4,39.8,3.6,2,41.653315,-8.296389
2020-11-18,67.5,58.9,62.0,62.0,58.2,88.0,,0.055999999999999994,0,9.1,1025.5,64.7,5.5,42.0,3.6,2,41.650791,-8.296389
2020-11-19,69.9,55.1,60.7,60.7,54.7,81.2,,0.0,0,8.3,1031.2,28.7,6.7,34.4,3.1,2,41.653315,-8.4067
2020-11-20,65.0,53.2,57.4,57.4,49.4,75.4,,0.0,0,9.4,1029.8,27.3,7.1,33.8,3.0,2,41.449721999999994,-8.296389
2020-11-21,64.4,50.3,55.2,55.2,41.5,61.1,,0.0,0,9.1,1025.9,4.5,7.1,29.4,2.6,1,41.650791,-8.4067
2020-11-22,64.9,46.2,53.0,51.5,42.6,68.7,,0.0,0,11.7,1027.3,4.5,6.9,30.7,2.6,1,41.449721999999994,-8.296389
2020-11-23,59.6,44.5,50.9,49.5,45.4,82.2,,0.0,0,8.0,1026.5,87.9,6.6,43.5,3.8,2,41.653315,-8.43569
2020-11-24,58.9,45.7,52.7,51.3,48.8,86.9,,0.598,0,12.7,1020.2,63.7,5.8,40.8,3.6,2,41.5549,-8.58779
2020-11-25,54.2,48.6,51.4,51.1,49.4,92.9,,0.647,0,9.7,1010.7,63.1,6.1,15.6,1.4,1,41.650791,-8.4067
2020-11-26,58.7,48.9,53.4,52.9,48.8,84.9,,0.094,0,8.5,1007.6,67.4,7.4,37.6,3.2,2,41.653315,-8.43569
2020-11-27,60.1,47.8,52.7,52.2,48.5,86.1,,0.0,0,7.9,1009.6,32.4,7.2,34.2,2.9,2,41.650791,-8.43569
2020-11-28,59.5,45.9,52.4,51.3,47.8,85.2,,0.136,0,9.7,1005.3,58.5,6.5,33.9,2.8,1,41.653315,-8.4067
2020-11-29,60.5,49.5,54.2,54.0,47.1,77.5,,0.011000000000000001,0,7.5,1012.8,45.9,8.0,49.6,4.3,2,41.449721999999994,-8.43569
2020-11-30,65.9,50.7,57.3,57.3,47.1,69.2,,0.0,0,9.1,1020.7,57.5,7.9,28.7,2.5,1,41.449721999999994,-8.296389
2020-12-01,64.1,48.8,54.6,54.4,44.8,70.2,,0.0,0,8.2,1023.3,46.0,7.7,31.9,2.7,1,41.449721999999994,-8.43569
2020-12-02,60.6,46.7,51.9,51.4,41.7,68.7,,0.0,0,7.4,1019.4,58.3,7.3,34.8,3.0,2,41.449721999999994,-8.58779
2020-12-03,54.2,39.2,47.6,46.4,42.3,82.0,,0.13699999999999998,0,14.9,1013.7,58.9,6.9,38.8,3.3,2,41.653315,-8.43569
2020-12-04,50.7,38.6,43.7,40.0,38.8,83.2,,0.569,0,17.4,1002.1,62.3,6.1,25.4,2.4,2,41.653315,-8.296389
2020-12-05,49.5,37.3,43.1,40.6,40.0,89.1,,0.469,0,7.5,1009.7,62.8,6.1,40.1,3.5,2,41.650791,-8.43569
2020-12-06,55.2,39.9,46.2,44.0,44.8,94.9,,0.36200000000000004,0,8.5,1013.8,83.5,4.8,34.2,3.0,2,41.653315,-8.4067
2020-12-07,55.3,52.4,54.2,54.2,49.8,85.2,,0.424,0,17.4,1012.1,88.0,6.0,20.8,1.8,1,41.449721999999994,-8.58779
2020-12-08,52.1,41.9,47.9,46.7,43.7,85.6,,0.28800000000000003,0,13.9,1017.3,61.5,6.3,31.3,2.7,2,41.449721999999994,-8.4067
2020-12-09,57.0,39.6,46.4,44.2,44.4,92.6,,0.055999999999999994,0,12.5,1020.5,72.8,5.5,31.5,2.6,2,41.5549,-8.43569
2020-12-10,58.5,55.1,57.6,57.6,57.2,98.7,,1.215,0,10.8,1014.6,91.5,2.5,36.1,3.0,2,41.449721999999994,-8.4067
2020-12-11,59.8,54.8,57.8,57.8,57.0,97.1,,0.457,0,12.4,1013.5,86.2,3.3,20.1,1.7,1,41.449721999999994,-8.4067
2020-12-12,59.0,50.3,55.0,55.0,52.7,92.3,,0.021,0,7.0,1018.0,88.9,3.9,25.3,2.2,1,41.653315,-8.4067
2020-12-13,59.8,55.9,57.6,57.6,56.7,96.8,,0.268,0,14.7,1013.4,90.6,3.6,32.2,2.9,2,41.449721999999994,-8.58779
2020-12-14,56.2,49.5,53.8,53.6,51.9,93.4,,0.34700000000000003,0,11.4,1009.5,80.9,5.2,23.2,2.0,1,41.650791,-8.43569
2020-12-15,54.8,45.0,51.5,50.7,47.1,85.0,,0.184,0,18.9,1012.4,59.1,6.4,42.0,3.6,2,41.650791,-8.4067
2020-12-16,55.9,45.0,51.6,51.2,48.3,88.9,,0.87,0,22.8,1011.3,67.7,5.8,39.4,3.5,2,41.653315,-8.4067
2020-12-17,56.2,42.8,49.3,47.1,45.4,86.7,,0.002,0,10.3,1023.1,66.0,6.4,44.1,3.8,2,41.653315,-8.43569
2020-12-18,55.4,50.2,52.8,52.8,48.2,84.5,,0.32,0,16.9,1018.9,93.9,5.3,51.9,4.5,3,41.5549,-8.4067
2020-12-19,57.0,48.6,53.0,52.8,51.1,93.1,,0.157,0,13.8,1017.8,62.0,5.2,33.1,2.9,2,41.449721999999994,-8.296389
2020-12-20,57.5,47.9,53.3,52.4,51.6,94.2,,0.348,0,12.4,1023.7,61.0,5.0,36.9,3.1,2,41.650791,-8.296389
2020-12-21,58.5,55.9,57.2,57.2,56.3,96.7,,0.768,0,17.1,1026.5,97.3,2.3,17.8,1.6,1,41.449721999999994,-8.58779
2020-12-22,60.2,56.1,57.4,57.4,53.7,87.6,,0.001,0,11.6,1024.0,79.1,6.1,27.0,2.4,1,41.650791,-8.43569
2020-12-23,56.3,45.2,52.8,52.5,49.4,88.2,,0.35100000000000003,0,13.7,1024.5,70.3,5.5,33.0,2.8,1,41.5549,-8.58779
2020-12-24,52.8,38.0,44.6,42.0,38.9,81.2,,0.0,0,10.7,1027.5,44.3,6.5,34.9,2.8,1,41.650791,-8.4067
2020-12-25,54.8,39.1,45.1,42.8,36.0,71.8,,0.0,0,7.6,1028.6,5.2,6.5,29.3,2.4,2,41.650791,-8.4067
2020-12-26,51.6,36.8,42.3,39.2,32.7,69.8,,0.0,0,8.2,1030.1,13.2,6.8,29.0,2.4,2,41.653315,-8.58779
2020-12-27,54.5,35.4,44.5,41.8,40.2,84.9,,0.11199999999999999,0,16.7,1015.9,77.9,5.9,17.1,1.5,1,41.449721999999994,-8.58779
2020-12-28,52.2,45.8,49.7,47.2,42.4,75.9,,0.166,0,28.7,1007.4,67.9,5.9,23.3,1.9,1,41.449721999999994,-8.4067
2020-12-29,49.7,38.0,45.3,42.3,39.9,81.7,,0.22399999999999998,0,13.7,1011.4,53.7,6.6,37.4,3.3,2,41.650791,-8.296389
2020-12-30,50.0,36.1,42.3,39.2,40.2,92.2,,0.106,0,8.0,1020.3,64.4,6.0,35.3,3.0,1,41.650791,-8.43569
2020-12-31,52.5,42.9,48.4,47.2,44.8,87.4,,0.26,0,10.5,1016.2,71.1,5.9,25.5,2.0,1,41.449721999999994,-8.43569
2021-01-01,48.2,36.9,41.5,38.8,38.4,89.1,,0.198,0,8.7,1016.3,55.9,6.2,39.0,3.3,2,41.653315,-8.4067
2021-01-02,49.0,32.4,39.1,37.4,35.7,88.2,,0.005,0,6.1,1019.3,29.5,6.4,43.8,3.9,3,41.650791,-8.58779
2021-01-03,48.9,32.3,39.5,37.5,36.8,90.6,,0.062,0,7.4,1019.0,41.0,6.1,34.4,2.9,1,41.650791,-8.43569
2021-01-04,46.7,35.9,39.5,37.8,37.7,93.6,,0.006999999999999999,0,6.3,1014.5,53.8,4.1,39.8,3.4,2,41.650791,-8.296389
2021-01-05,47.8,30.0,37.3,35.4,32.6,84.2,,0.0,0,5.9,1013.1,28.9,5.8,31.5,2.8,2,41.650791,-8.58779
2021-01-06,50.1,32.9,38.8,34.7,31.8,77.2,,0.001,0,9.9,1013.3,22.9,6.3,32.3,2.8,2,41.5549,-8.58779
2021-01-07,48.7,33.4,39.0,34.9,29.5,69.4,,0.0,0,7.4,1013.5,11.9,6.8,33.9,3.0,2,41.650791,-8.4067
2021-01-08,47.0,32.6,38.4,33.3,26.6,63.5,,0.0,0,10.1,1011.7,27.9,6.9,32.4,3.0,2,41.650791,-8.58779
2021-01-09,47.5,30.0,39.1,33.3,26.8,62.1,,0.001,0,12.9,1008.7,27.8,6.7,34.7,2.9,2,41.5549,-8.296389
2021-01-10,51.3,38.3,44.2,39.9,30.6,59.4,,0.0,0,10.9,1015.7,16.1,6.6,32.0,2.7,2,41.653315,-8.58779
2021-01-11,50.7,32.1,40.3,37.4,29.1,65.4,,0.0,0,9.6,1024.9,3.6,7.1,34.5,3.0,2,41.653315,-8.58779
2021-01-12,50.4,34.0,40.3,37.3,32.4,74.4,,0.0,0,9.5,1030.7,2.2,6.6,35.4,3.0,2,41.5549,-8.43569
2021-01-13,49.7,32.5,40.1,37.5,35.4,84.2,,0.0,0,7.7,1031.8,1.2,6.3,36.1,3.0,2,41.5549,-8.4067
2021-01-14,53.0,33.2,41.9,40.4,38.3,88.0,,0.0,0,6.4,1031.0,41.3,4.9,42.0,3.5,2,41.653315,-8.4067
2021-01-15,56.1,36.8,44.2,42.7,41.0,89.2,,0.002,0,7.0,1030.2,7.8,4.9,36.3,3.3,2,41.449721999999994,-8.296389
2021-01-16,51.7,33.5,40.9,38.7,35.8,83.1,,0.0,0,6.1,1030.6,26.3,5.3,36.9,3.1,2,41.5549,-8.43569
2021-01-17,54.2,32.8,42.7,40.5,37.1,81.5,,0.0,0,7.9,1030.0,8.9,5.6,39.0,3.4,2,41.449721999999994,-8.4067
2021-01-18,55.6,38.5,45.5,42.9,40.5,83.3,,0.0,0,7.8,1026.7,21.5,5.7,40.4,3.4,2,41.449721999999994,-8.43569
2021-01-19,55.0,40.0,48.0,45.8,41.4,78.1,,0.085,0,20.4,1019.0,56.1,6.2,46.6,3.9,2,41.653315,-8.43569
2021-01-20,56.0,50.3,53.7,53.7,51.5,92.5,,1.021,0,27.7,1004.6,91.1,5.1,20.1,1.8,1,41.449721999999994,-8.296389
2021-01-21,58.0,52.0,55.4,55.4,53.3,92.8,,0.518,0,23.1,1009.4,91.0,4.7,38.9,3.3,2,41.5549,-8.4067
2021-01-22,55.6,50.4,52.3,52.3,46.2,80.0,,0.294,0,19.1,1012.4,69.4,6.1,47.0,4.1,3,41.5549,-8.296389
2021-01-23,57.1,51.0,53.9,53.9,51.3,91.0,,0.461,0,20.1,1012.5,75.1,4.4,23.5,2.0,1,41.449721999999994,-8.4067
2021-01-24,56.2,46.8,53.2,53.1,49.9,88.9,,0.059000000000000004,0,11.8,1015.0,61.9,5.2,37.1,3.3,2,41.653315,-8.296389
2021-01-25,56.8,55.3,56.3,56.3,56.0,98.8,,0.598,0,15.8,1014.1,95.5,1.6,30.8,2.5,1,41.650791,-8.58779
2021-01-26,58.4,56.3,56.8,56.8,56.7,99.5,,0.527,0,7.1,1022.9,99.0,1.1,29.4,2.4,2,41.653315,-8.43569
2021-01-27,57.5,55.0,56.2,56.2,55.9,98.9,,0.129,0,8.8,1027.1,95.3,3.0,41.1,3.5,2,41.650791,-8.58779
2021-01-28,56.3,53.6,55.1,55.1,54.6,98.4,,0.08,0,11.4,1024.4,94.7,2.2,53.7,4.5,3,41.5549,-8.58779
2021-01-29,56.6,54.5,55.3,55.3,54.5,97.4,,0.358,0,18.8,1020.6,92.0,2.6,36.7,3.2,2,41.653315,-8.58779
2021-01-30,56.7,53.1,54.9,54.9,50.3,84.3,,0.19899999999999998,0,16.3,1016.9,84.1,5.9,30.3,2.6,2,41.650791,-8.58779
2021-01-31,57.5,51.4,55.4,55.4,54.3,96.1,,0.731,0,11.0,1017.0,95.2,2.9,40.1,3.3,2,41.449721999999994,-8.296389
2021-02-01,56.4,55.0,55.8,55.8,54.4,95.1,,0.07200000000000001,0,16.2,1018.4,92.0,4.1,27.6,2.4,1,41.653315,-8.58779
2021-02-02,57.5,54.9,55.7,55.7,54.3,95.1,,0.755,0,26.1,1014.1,94.8,3.9,24.9,2.3,1,41.5549,-8.43569
2021-02-03,58.0,50.6,54.4,54.4,51.4,89.5,,0.985,0,17.3,1010.7,63.2,6.1,48.2,4.0,3,41.653315,-8.43569
2021-02-04,54.9,47.5,50.4,49.8,48.0,91.4,,0.142,0,8.3,1009.4,69.9,6.4,51.1,4.4,2,41.653315,-8.58779
2021-02-05,53.3,44.0,48.5,47.2,45.0,87.9,,0.031,0,9.7,1006.3,62.9,6.5,46.5,4.0,2,41.650791,-8.4067
2021-02-06,54.7,43.0,49.5,46.8,41.5,74.1,,0.052000000000000005,0,18.2,1006.2,44.3,6.4,40.9,3.4,2,41.449721999999994,-8.58779
2021-02-07,54.0,36.0,44.5,41.8,42.3,91.8,,0.419,0,14.0,1008.7,67.8,5.4,29.8,2.6,1,41.5549,-8.43569
2021-02-08,54.2,49.4,51.9,51.5,47.3,84.7,,0.305,0,13.8,1004.4,72.1,5.6,28.4,2.5,2,41.653315,-8.58779
2021-02-09,54.6,48.8,52.0,51.5,48.6,88.3,,0.866,0,17.7,1000.9,89.3,5.2,41.9,3.7,3,41.449721999999994,-8.43569
2021-02-10,56.8,44.5,52.3,52.3,47.6,84.5,,0.069,0,12.4,1008.8,66.1,5.7,87.5,7.4,4,41.449721999999994,-8.296389
2021-02-11,58.6,54.6,56.6,56.6,55.8,97.0,,0.085,0,18.5,1015.2,91.9,3.7,57.1,4.8,3,41.449721999999994,-8.4067
2021-02-12,58.6,52.7,54.9,54.9,52.0,90.2,,0.9059999999999999,0,11.2,1017.6,60.3,5.8,104.2,9.0,5,41.5549,-8.43569
2021-02-13,57.3,51.3,54.3,54.3,51.3,89.7,,0.006,0,10.6,1026.7,77.2,5.9,39.0,3.3,3,41.5549,-8.43569
2021-02-14,64.1,50.2,55.8,55.8,48.3,77.2,,0.0,0,12.9,1025.3,77.0,6.5,109.7,9.5,5,41.449721999999994,-8.43569
2021-02-15,69.7,48.2,57.6,57.1,45.2,65.7,,0.0,0,14.5,1024.3,76.6,7.4,123.3,10.5,5,41.449721999999994,-8.4067
2021-02-16,57.4,49.7,54.8,54.8,51.6,89.0,,0.639,0,14.5,1024.0,82.2,6.1,52.7,4.5,2,41.650791,-8.43569
2021-02-17,56.9,48.7,53.5,53.0,51.7,94.0,,0.307,0,19.5,1019.6,87.5,5.8,67.1,5.7,4,41.653315,-8.296389
2021-02-18,56.1,50.2,53.6,53.6,49.9,87.4,,0.556,0,18.9,1015.5,81.0,7.0,47.8,4.1,2,41.5549,-8.296389
2021-02-19,58.3,51.2,56.2,56.2,51.8,85.4,,0.004,0,25.6,1014.5,82.9,6.0,34.1,2.9,2,41.650791,-8.296389
2021-02-20,58.5,48.7,54.9,54.8,51.0,87.5,,1.6869999999999998,0,33.6,1005.0,86.8,4.5,18.8,1.6,1,41.449721999999994,-8.58779
2021-02-21,54.8,44.3,48.6,47.3,43.8,84.2,,0.473,0,9.0,1008.3,59.0,6.2,100.1,8.5,5,41.650791,-8.43569
2021-02-22,58.6,39.6,48.5,46.3,41.8,79.0,,0.004,0,10.2,1019.7,25.7,7.5,162.1,14.0,6,41.653315,-8.4067
2021-02-23,62.2,53.1,57.5,57.5,44.7,62.6,,0.0,0,14.9,1026.6,76.9,8.1,118.9,10.2,7,41.5549,-8.43569
2021-02-24,62.1,49.6,56.2,56.1,43.4,63.0,,0.009000000000000001,0,13.8,1026.3,42.3,7.3,119.4,10.3,5,41.653315,-8.4067
2021-02-25,54.7,49.0,51.7,51.5,48.2,88.2,,0.132,0,6.9,1027.1,76.1,6.8,56.4,4.9,2,41.650791,-8.58779
2021-02-26,66.3,49.0,56.2,55.9,48.3,75.8,,0.0,0,7.6,1027.3,74.0,6.7,140.1,12.1,5,41.449721999999994,-8.296389
2021-02-27,65.5,51.2,56.2,56.2,47.9,74.5,,0.0,0,8.7,1024.6,76.6,6.7,159.7,13.7,6,41.653315,-8.4067
2021-02-28,61.8,48.5,54.2,53.4,42.6,66.0,,0.0,0,8.8,1018.1,21.7,7.5,176.5,15.2,6,41.449721999999994,-8.4067
2021-03-01,57.3,49.9,54.5,54.4,49.5,83.2,,0.013999999999999999,0,12.6,1017.3,87.6,6.3,58.5,5.1,3,41.650791,-8.58779
2021-03-02,58.9,48.5,53.7,53.7,48.7,83.5,,0.063,0,8.2,1024.2,67.2,6.9,55.9,4.9,2,41.653315,-8.4067
2021-03-03,66.7,44.2,54.3,53.3,46.8,77.7,,0.002,0,7.4,1025.8,47.3,6.2,152.7,13.0,7,41.653315,-8.296389
2021-03-04,61.9,51.2,55.5,55.5,49.5,80.8,,0.0,0,7.1,1018.1,57.9,6.0,80.1,6.9,3,41.449721999999994,-8.4067
2021-03-05,65.1,49.7,56.3,56.3,48.8,77.2,,0.004,0,8.7,1015.7,40.4,6.3,133.3,11.6,5,41.650791,-8.296389
2021-03-06,61.8,47.8,53.8,53.0,45.3,73.8,,0.0,0,9.3,1019.4,17.1,7.0,182.3,15.6,6,41.449721999999994,-8.43569
2021-03-07,57.3,43.4,50.2,49.3,44.7,81.8,,0.0,0,10.2,1017.9,53.3,5.9,179.3,15.6,6,41.5549,-8.58779
2021-03-08,59.8,41.4,49.9,48.6,39.4,68.9,,0.0,0,12.9,1017.2,40.5,7.0,179.9,15.5,7,41.653315,-8.4067
2021-03-09,55.9,39.3,48.2,46.9,36.6,64.8,,0.0,0,11.2,1021.2,26.5,7.7,192.2,16.6,7,41.653315,-8.296389
2021-03-10,55.9,39.4,48.7,47.4,44.4,85.2,,0.055999999999999994,0,8.0,1024.6,78.8,5.8,75.9,6.3,3,41.449721999999994,-8.296389
2021-03-11,57.8,51.8,54.0,54.0,52.5,94.7,,0.253,0,10.1,1025.8,94.9,4.9,46.5,4.0,2,41.449721999999994,-8.43569
2021-03-12,56.9,44.9,51.1,50.8,45.4,81.8,,0.08,0,10.4,1026.4,52.2,7.1,154.3,13.3,8,41.5549,-8.43569
2021-03-13,57.7,43.1,49.9,48.8,44.5,82.7,,0.03,0,10.3,1027.1,51.2,6.2,79.9,6.8,4,41.5549,-8.296389
2021-03-14,59.5,42.1,51.3,50.4,46.0,83.4,,0.002,0,12.3,1028.8,53.1,6.5,133.9,11.5,6,41.449721999999994,-8.58779
2021-03-15,63.9,47.3,54.6,53.5,44.2,69.3,,0.0,0,11.0,1026.1,31.6,7.5,206.5,17.9,7,41.449721999999994,-8.4067
2021-03-16,68.3,50.2,58.1,58.1,43.7,60.3,,0.0,0,13.2,1025.8,12.7,8.1,208.8,18.0,7,41.653315,-8.296389
2021-03-17,72.8,51.6,61.8,61.8,40.2,46.2,,0.0,0,11.2,1024.4,17.9,8.2,214.8,18.5,7,41.449721999999994,-8.4067
2021-03-18,64.2,47.2,56.5,56.3,35.6,46.2,,0.0,0,13.2,1022.0,31.9,7.9,187.1,16.0,7,41.5549,-8.4067
2021-03-19,62.6,43.5,53.2,52.3,38.1,56.9,,0.0,0,17.8,1019.2,59.8,8.0,138.8,12.0,7,41.653315,-8.4067
2021-03-20,59.8,42.5,52.0,50.9,35.5,54.2,,0.0,0,13.5,1021.1,1.1,7.7,218.5,18.7,7,41.653315,-8.296389
2021-03-21,57.2,43.7,50.3,47.8,33.6,53.8,,0.0,0,15.4,1024.2,0.8,7.5,224.0,19.2,8,41.449721999999994,-8.4067
2021-03-22,61.4,41.7,51.4,50.2,40.4,67.6,,0.0,0,8.9,1021.5,23.6,7.4,217.4,18.7,8,41.449721999999994,-8.296389
2021-03-23,58.8,42.1,50.8,50.0,44.0,77.9,,0.0,0,10.7,1023.5,18.4,6.8,231.2,19.9,8,41.5549,-8.4067
2021-03-24,58.9,41.2,50.0,49.6,42.4,76.9,,0.0,0,10.8,1026.4,44.2,7.1,209.5,18.1,8,41.650791,-8.296389
2021-03-25,58.5,41.5,50.2,49.4,43.8,79.4,,0.0,0,10.9,1024.6,63.1,7.5,219.3,19.0,7,41.449721999999994,-8.4067
2021-03-26,58.2,43.8,50.9,50.1,44.7,79.9,,0.0,0,10.9,1025.2,58.6,7.6,164.1,14.1,9,41.653315,-8.43569
2021-03-27,64.2,41.9,52.6,51.5,42.5,70.5,,0.0,0,9.0,1024.8,31.9,7.2,228.0,19.7,8,41.5549,-8.58779
2021-03-28,73.7,48.4,60.1,59.5,43.2,56.2,,0.0,0,9.2,1023.8,23.1,7.4,234.7,19.6,7,41.5549,-8.296389
2021-03-29,70.2,54.8,61.4,61.4,45.3,56.3,,0.0,0,8.9,1021.8,42.4,7.3,71.0,6.0,3,41.653315,-8.296389
2021-03-30,71.4,56.1,62.3,62.3,50.2,65.1,,0.0,0,8.2,1020.5,79.0,6.7,135.8,11.7,6,41.5549,-8.4067
2021-03-31,83.1,58.7,69.3,69.1,47.1,47.4,,0.0,0,11.5,1012.8,60.3,7.0,209.0,18.0,7,41.449721999999994,-8.43569
2021-04-01,68.2,56.5,61.6,61.6,53.5,75.7,,0.08800000000000001,0,10.2,1011.7,73.0,6.4,99.2,8.6,4,41.650791,-8.296389
2021-04-02,61.8,53.7,57.7,57.7,53.8,87.4,,0.042,0,7.6,1017.5,62.8,5.5,71.3,6.1,2,41.653315,-8.58779
2021-04-03,69.3,52.4,59.4,59.4,53.7,82.7,,0.008,0,9.6,1015.7,45.4,5.0,225.4,19.5,7,41.653315,-8.296389
2021-04-04,69.7,50.6,59.5,59.5,47.9,68.8,,0.0,0,13.0,1015.4,28.1,5.8,254.0,22.0,8,41.449721999999994,-8.4067
2021-04-05,67.3,49.4,58.6,58.5,44.7,61.5,,0.0,0,7.3,1017.1,5.5,7.7,255.4,22.1,8,41.5549,-8.43569
2021-04-06,63.8,45.3,54.8,54.4,46.4,74.2,,0.0,0,6.9,1014.9,23.9,7.0,258.0,22.3,8,41.650791,-8.4067
2021-04-07,69.5,47.3,56.7,55.8,42.6,62.3,,0.0,0,14.1,1014.6,69.2,7.6,251.5,21.6,8,41.449721999999994,-8.58779
2021-04-08,64.0,50.8,57.0,57.0,49.2,75.9,,0.0,0,10.1,1017.9,59.3,6.6,250.2,21.5,8,41.449721999999994,-8.58779
2021-04-09,64.7,50.4,57.6,57.6,52.3,82.8,,0.005,0,11.9,1015.0,73.4,6.5,128.5,11.0,6,41.653315,-8.296389
2021-04-10,62.6,54.5,57.6,57.6,54.1,88.3,,0.257,0,8.7,1011.3,67.7,5.9,87.7,7.5,3,41.5549,-8.4067
2021-04-11,64.7,50.3,57.0,57.0,47.4,72.7,,0.006999999999999999,0,10.2,1015.3,39.0,6.3,165.9,14.2,8,41.5549,-8.296389
2021-04-12,65.5,50.7,57.9,57.9,39.9,52.1,,0.0,0,16.3,1020.8,64.6,7.6,188.8,16.3,6,41.650791,-8.296389
2021-04-13,61.5,52.5,57.7,57.7,52.3,83.2,,0.294,0,7.8,1019.5,87.4,5.8,87.7,7.5,5,41.5549,-8.4067
2021-04-14,70.2,52.4,61.4,61.4,53.5,76.6,,0.0,0,10.6,1015.5,70.9,6.7,206.7,17.8,8,41.650791,-8.4067
2021-04-15,69.9,54.7,61.4,61.4,49.4,66.7,,0.0,0,10.2,1013.9,38.5,7.2,228.0,19.6,8,41.5549,-8.43569
2021-04-16,67.2,48.2,58.5,58.4,46.3,66.2,,0.0,0,9.8,1016.1,26.5,7.2,285.7,24.8,9,41.650791,-8.4067
2021-04-17,66.5,50.5,57.3,57.3,38.3,50.9,,0.0,0,11.6,1018.9,27.2,7.0,279.2,24.1,9,41.653315,-8.43569
2021-04-18,68.0,48.9,58.3,57.6,42.9,58.5,,0.0,0,9.3,1020.0,88.7,6.8,243.1,21.2,8,41.449721999999994,-8.4067
2021-04-19,62.2,54.8,58.3,58.3,51.4,78.5,,0.009000000000000001,0,8.2,1018.7,66.6,7.0,217.0,18.7,9,41.5549,-8.58779
2021-04-20,61.3,53.2,56.9,56.9,52.1,84.1,,0.163,0,9.7,1015.9,81.6,6.6,147.2,12.9,7,41.653315,-8.4067
2021-04-21,58.5,51.1,54.5,54.5,52.1,91.7,,0.5820000000000001,0,7.9,1011.7,81.4,6.3,108.2,9.3,4,41.5549,-8.43569
2021-04-22,64.5,52.3,58.3,58.3,53.5,85.1,,0.162,0,7.2,1012.5,67.2,6.7,198.4,17.2,6,41.5549,-8.296389
2021-04-23,66.0,53.3,59.0,59.0,54.8,86.4,,0.451,0,10.6,1011.5,79.0,6.5,90.1,7.8,4,41.449721999999994,-8.4067
2021-04-24,67.8,57.9,61.3,61.3,56.7,85.3,,0.36,0,7.9,1010.3,65.8,6.6,222.1,19.0,7,41.5549,-8.58779
2021-04-25,67.6,56.7,60.1,60.1,55.6,85.9,,0.68,0,7.3,1008.6,52.8,6.5,108.1,9.3,7,41.5549,-8.58779
2021-04-26,66.1,53.4,60.1,60.1,54.7,83.0,,0.01,0,10.1,1007.2,48.9,7.3,225.1,19.3,9,41.449721999999994,-8.58779
2021-04-27,63.9,53.4,58.6,58.6,54.1,85.3,,0.0,0,8.2,1006.7,59.2,6.5,257.9,22.3,8,41.5549,-8.4067
2021-04-28,62.3,53.6,57.7,57.7,51.6,81.0,,0.325,0,15.9,1006.9,61.8,6.7,137.7,12.0,6,41.653315,-8.58779
2021-04-29,59.5,47.7,53.5,53.3,44.4,71.9,,0.0,0,13.9,1009.9,49.3,8.4,248.7,21.2,9,41.650791,-8.296389
2021-04-30,60.0,43.2,52.4,52.1,43.3,72.8,,0.0,0,20.4,1012.4,31.8,7.5,193.1,16.8,9,41.5549,-8.296389
2021-05-01,58.7,43.4,52.0,51.0,41.4,68.5,,0.0,0,17.1,1016.6,29.4,8.2,241.9,20.9,8,41.650791,-8.296389
2021-05-02,60.9,41.6,52.1,51.7,40.6,67.1,,0.0,0,15.4,1019.1,22.0,7.0,278.1,23.9,9,41.449721999999994,-8.58779
2021-05-03,64.2,43.8,55.3,54.8,42.3,63.2,,0.0,0,14.4,1019.4,3.4,8.1,313.2,27.0,9,41.650791,-8.58779
2021-05-04,62.8,42.7,54.2,53.9,45.4,73.2,,0.0,0,17.9,1020.0,25.3,7.8,344.3,29.7,10,41.653315,-8.43569
2021-05-05,64.9,50.5,58.1,58.1,52.1,80.9,,0.001,0,14.5,1019.6,42.4,7.6,302.0,26.0,9,41.650791,-8.4067
2021-05-06,65.9,50.9,58.4,58.4,53.1,83.4,,0.006999999999999999,0,9.5,1020.0,62.8,7.2,150.6,12.9,8,41.653315,-8.43569
2021-05-07,66.7,53.1,59.9,59.9,53.4,80.3,,0.0,0,9.2,1019.9,47.8,7.5,339.8,29.3,10,41.449721999999994,-8.4067
2021-05-08,67.7,49.9,59.0,58.9,52.1,79.6,,0.0,0,13.1,1013.3,37.0,7.4,304.3,26.5,9,41.653315,-8.58779
2021-05-09,60.2,53.1,57.0,57.0,51.3,82.0,,0.85,0,17.4,1005.9,63.1,6.4,116.4,10.1,5,41.653315,-8.296389
2021-05-10,57.0,49.9,53.6,53.5,47.6,80.2,,0.27,0,9.8,1011.1,65.6,6.9,135.7,11.7,5,41.653315,-8.4067
2021-05-11,60.9,47.8,54.4,54.1,46.8,76.4,,0.196,0,14.8,1019.5,70.2,6.6,166.5,14.3,7,41.5549,-8.43569
2021-05-12,60.6,54.7,57.6,57.6,50.9,79.2,,0.233,0,16.3,1019.8,65.5,7.1,118.4,10.2,4,41.653315,-8.58779
2021-05-13,61.5,54.4,57.8,57.8,54.8,89.8,,0.662,0,12.4,1018.2,79.8,5.0,92.5,7.8,6,41.449721999999994,-8.4067
2021-05-14,62.6,45.8,55.6,55.6,49.6,81.3,,0.031,0,7.7,1020.4,54.6,6.7,251.7,21.8,9,41.653315,-8.43569
2021-05-15,62.2,58.2,60.1,60.1,58.7,95.2,,0.14300000000000002,0,12.7,1017.5,99.5,4.3,57.9,4.8,3,41.449721999999994,-8.58779
2021-05-16,63.2,53.8,60.2,60.2,55.6,85.7,,0.102,0,12.4,1018.1,72.4,5.5,250.5,21.8,9,41.5549,-8.58779
2021-05-17,64.6,48.8,57.5,57.4,49.5,76.1,,0.0,0,8.7,1021.7,47.1,7.6,329.4,28.5,9,41.650791,-8.58779
2021-05-18,64.2,54.8,59.7,59.7,54.2,82.6,,0.183,0,14.4,1021.8,68.3,5.7,228.1,19.6,9,41.653315,-8.4067
2021-05-19,66.8,47.6,58.3,58.1,49.8,74.7,,0.0,0,13.0,1024.9,40.7,8.2,338.6,29.1,9,41.653315,-8.58779
2021-05-20,68.5,49.8,60.3,60.3,51.9,75.9,,0.0,0,12.9,1022.8,52.0,7.6,339.3,29.5,9,41.653315,-8.58779
2021-05-21,62.0,53.1,58.7,58.7,51.4,77.9,,0.006999999999999999,0,10.3,1020.0,78.1,7.2,191.5,16.7,7,41.653315,-8.43569
2021-05-22,60.8,50.8,55.8,55.8,45.7,69.9,,0.004,0,11.9,1019.8,38.3,7.6,205.6,17.7,7,41.449721999999994,-8.58779
2021-05-23,61.4,44.2,54.7,54.6,45.9,73.4,,0.013000000000000001,0,12.1,1021.9,43.6,7.8,305.1,26.3,9,41.653315,-8.43569
2021-05-24,62.7,53.3,58.5,58.5,50.0,74.8,,0.174,0,13.9,1023.8,66.2,6.8,249.4,21.7,8,41.650791,-8.43569
2021-05-25,67.5,47.9,58.6,58.0,48.1,69.4,,0.0,0,14.5,1024.6,36.7,7.3,326.2,28.1,9,41.650791,-8.43569
2021-05-26,68.7,52.9,62.1,62.1,51.6,69.3,,0.0,0,12.4,1018.6,41.0,6.9,319.0,27.5,9,41.5549,-8.43569
2021-05-27,67.5,52.2,60.5,60.5,53.2,77.6,,0.0,0,11.3,1015.8,67.2,6.8,320.3,27.6,9,41.5549,-8.4067
2021-05-28,66.9,54.8,60.7,60.7,55.3,82.6,,0.0,0,12.8,1017.3,57.4,6.3,325.9,28.1,9,41.449721999999994,-8.4067
2021-05-29,67.6,54.1,61.0,61.0,55.6,83.2,,0.0,0,13.5,1019.9,52.4,6.2,342.6,29.9,9,41.5549,-8.4067
2021-05-30,66.1,56.3,60.8,60.8,56.8,87.3,,0.0,0,6.8,1016.3,65.8,5.1,336.8,29.2,9,41.449721999999994,-8.296389
2021-05-31,66.4,53.7,59.8,59.8,56.6,89.3,,0.034,0,8.5,1011.8,88.4,3.7,257.3,22.4,8,41.5549,-8.58779
2021-06-01,64.1,58.0,60.9,60.9,55.1,81.4,,0.0,0,8.3,1012.1,80.0,6.6,177.1,15.2,7,41.650791,-8.4067
2021-06-02,65.4,54.8,59.5,59.5,54.3,83.2,,0.015,0,13.1,1015.4,79.1,6.9,204.4,17.8,9,41.449721999999994,-8.296389
2021-06-03,63.7,48.4,57.1,57.0,48.1,72.8,,0.0,0,17.8,1020.9,29.4,7.5,309.1,26.9,10,41.653315,-8.58779
2021-06-04,66.7,47.5,58.6,58.3,48.3,69.9,,0.0,0,14.8,1023.2,29.6,8.7,345.9,29.9,9,41.653315,-8.43569
2021-06-05,70.1,51.6,61.4,61.4,52.3,73.4,,0.0,0,11.3,1022.5,13.4,7.1,337.2,28.9,9,41.5549,-8.296389
2021-06-06,69.0,54.4,61.3,61.3,55.0,80.5,,0.0,0,11.5,1022.4,39.7,6.9,341.4,29.5,9,41.5549,-8.4067
2021-06-07,67.3,55.3,60.7,60.7,55.6,84.0,,0.0,0,12.8,1021.2,54.8,5.8,347.7,30.1,9,41.449721999999994,-8.58779
2021-06-08,70.1,54.9,61.7,61.7,55.0,79.6,,0.0,0,14.1,1021.7,46.0,6.5,344.3,29.8,9,41.5549,-8.4067
2021-06-09,74.2,53.9,64.9,64.9,55.6,73.3,,0.0,0,11.7,1021.2,8.8,7.6,341.4,29.4,9,41.650791,-8.58779
2021-06-10,70.7,57.8,64.1,64.1,57.5,79.8,,0.0,0,10.0,1018.1,28.1,6.7,334.8,29.0,9,41.449721999999994,-8.43569
2021-06-11,75.5,59.3,66.7,66.7,59.3,78.2,,0.068,0,8.7,1014.9,58.5,5.7,309.7,26.9,9,41.650791,-8.58779
2021-06-12,85.5,63.0,74.1,74.1,58.3,59.9,,0.003,0,21.6,1016.1,31.6,7.9,297.2,25.6,9,41.5549,-8.4067
2021-06-13,79.0,64.6,71.6,71.6,59.9,68.1,,0.11900000000000001,0,11.5,1018.7,32.1,6.6,218.2,18.6,9,41.653315,-8.4067
2021-06-14,75.7,60.5,68.7,68.7,60.6,76.1,,0.0,0,8.3,1018.5,25.1,7.0,306.7,26.3,9,41.449721999999994,-8.58779
2021-06-15,83.2,60.7,70.2,70.3,60.7,74.1,,0.051,0,12.8,1014.5,34.0,5.6,277.8,23.9,9,41.653315,-8.296389
2021-06-16,71.5,62.9,67.2,67.2,60.5,79.2,,0.004,0,9.4,1011.6,72.5,6.3,235.5,20.2,10,41.653315,-8.296389
2021-06-17,65.1,58.7,62.3,62.3,60.0,92.3,,0.127,0,10.5,1011.1,79.4,5.6,106.2,9.3,5,41.653315,-8.58779
2021-06-18,64.3,57.5,60.4,60.4,57.3,89.8,,0.5720000000000001,0,5.4,1012.9,74.9,6.2,96.8,8.3,5,41.650791,-8.296389
2021-06-19,64.1,54.8,59.2,59.2,55.2,86.8,,0.003,0,8.0,1015.9,65.3,6.2,179.9,15.6,9,41.5549,-8.58779
2021-06-20,64.0,55.9,59.2,59.2,55.7,88.3,,0.17600000000000002,0,14.4,1010.8,78.9,5.7,118.0,10.0,4,41.449721999999994,-8.4067
2021-06-21,64.9,58.1,60.7,60.7,56.9,87.6,,0.18600000000000003,0,10.3,1013.9,72.4,6.4,180.4,15.5,7,41.650791,-8.296389
2021-06-22,71.0,56.0,63.3,63.3,54.7,75.3,,0.001,0,16.7,1019.3,42.5,7.5,187.4,16.2,7,41.449721999999994,-8.296389
2021-06-23,72.4,54.2,64.0,64.0,49.6,60.6,,0.0,0,13.6,1020.4,19.0,8.2,321.4,27.8,9,41.650791,-8.43569
2021-06-24,80.6,58.8,70.1,70.0,51.9,54.8,,0.0,0,11.1,1019.4,2.6,8.4,344.7,29.7,9,41.653315,-8.43569
2021-06-25,82.5,63.1,72.2,72.1,55.6,57.8,,0.0,0,8.9,1017.2,39.6,8.0,342.8,29.6,9,41.650791,-8.58779
2021-06-26,66.1,57.4,61.8,61.8,56.9,84.5,,0.0,0,8.7,1016.3,83.2,5.9,316.7,27.1,9,41.449721999999994,-8.58779
2021-06-27,64.2,57.2,60.6,60.6,53.6,78.6,,0.025,0,13.9,1018.4,59.7,7.4,289.3,25.1,10,41.5549,-8.43569
2021-06-28,66.9,52.6,60.1,60.1,52.7,77.5,,0.0,0,16.3,1021.9,33.3,7.3,186.7,16.1,6,41.653315,-8.4067
2021-06-29,67.1,51.2,60.1,60.1,52.3,76.7,,0.0,0,15.4,1020.7,19.4,7.3,340.0,29.4,9,41.449721999999994,-8.43569
2021-06-30,67.9,52.5,60.2,60.2,54.7,83.0,,0.0,0,12.7,1017.9,36.7,6.8,330.3,28.6,9,41.449721999999994,-8.4067
2021-07-01,67.4,56.8,61.7,61.7,56.9,84.7,,0.0,0,11.2,1018.5,70.6,6.0,333.8,29.0,9,41.5549,-8.4067
2021-07-02,70.4,57.8,63.2,63.2,58.0,83.9,,0.098,0,7.1,1018.7,74.3,6.7,142.8,12.4,8,41.5549,-8.4067
2021-07-03,69.6,61.1,64.9,64.9,60.4,86.1,,0.044000000000000004,0,8.7,1019.0,66.4,5.4,256.1,22.2,8,41.449721999999994,-8.4067
2021-07-04,67.7,62.1,64.7,64.7,60.7,87.2,,0.032,0,8.1,1019.6,90.6,6.6,107.4,9.3,3,41.5549,-8.4067
2021-07-05,68.2,62.1,64.8,64.8,61.8,90.2,,0.193,0,11.7,1016.4,93.4,5.4,184.4,16.0,8,41.653315,-8.43569
2021-07-06,67.3,57.3,62.7,62.7,57.1,82.9,,0.02,0,9.1,1016.9,63.6,7.2,170.4,14.8,5,41.653315,-8.58779
2021-07-07,67.5,57.4,62.5,62.5,55.8,79.6,,0.0,0,13.0,1021.7,38.3,7.3,233.3,20.2,9,41.449721999999994,-8.58779
2021-07-08,71.0,53.6,62.7,62.7,54.3,75.6,,0.0,0,13.3,1023.9,14.7,7.5,336.9,29.0,9,41.653315,-8.43569
2021-07-09,74.4,54.5,65.1,65.1,56.6,75.3,,0.0,0,11.0,1020.3,6.5,7.3,338.8,29.2,9,41.5549,-8.4067
2021-07-10,77.6,58.7,68.8,68.8,57.4,68.7,,0.0,0,12.7,1017.4,0.2,7.2,328.9,28.4,9,41.449721999999994,-8.58779
2021-07-11,72.6,59.9,64.9,64.9,58.6,80.6,,0.0,0,16.4,1015.8,43.9,7.0,326.8,28.3,9,41.5549,-8.58779
2021-07-12,68.3,56.8,61.8,61.8,54.6,78.0,,0.023,0,17.4,1021.9,48.9,7.5,156.4,13.5,6,41.650791,-8.296389
2021-07-13,68.6,53.8,62.2,62.2,53.7,74.6,,0.0,0,14.6,1024.1,14.5,7.8,256.8,22.2,8,41.650791,-8.4067
2021-07-14,78.2,57.0,68.4,68.4,56.7,68.0,,0.0,0,12.0,1019.9,36.5,8.1,319.1,27.6,9,41.5549,-8.296389
2021-07-15,87.9,64.3,76.6,75.9,54.3,48.5,,0.0,0,11.8,1016.2,27.4,8.8,330.9,28.7,9,41.653315,-8.58779
2021-07-16,91.0,71.4,80.4,79.3,53.4,41.3,,0.0,0,10.8,1015.7,0.5,9.0,327.7,28.5,9,41.650791,-8.296389
2021-07-17,84.7,66.3,75.3,75.3,58.8,58.1,,0.0,0,8.6,1016.4,8.8,7.4,321.1,27.7,9,41.653315,-8.58779
2021-07-18,69.7,62.3,65.2,65.2,60.9,86.4,,0.002,0,11.0,1018.9,89.1,5.1,318.6,27.7,9,41.449721999999994,-8.58779
2021-07-19,69.2,60.4,63.5,63.5,59.6,87.7,,0.011000000000000001,0,12.1,1016.5,97.3,4.6,286.6,24.8,9,41.650791,-8.296389
2021-07-20,67.9,60.2,63.3,63.3,60.3,90.1,,0.012,0,9.7,1017.2,91.7,4.5,247.9,21.4,9,41.650791,-8.58779
2021-07-21,70.5,61.4,64.5,64.5,59.6,84.6,,0.0,0,12.7,1018.8,81.9,6.0,301.3,26.3,9,41.653315,-8.43569
2021-07-22,66.5,58.4,62.2,62.2,58.6,88.5,,0.004,0,7.3,1018.0,94.7,4.8,276.7,24.0,9,41.653315,-8.58779
2021-07-23,70.1,60.0,64.3,64.3,59.5,85.1,,0.019,0,9.8,1016.1,75.1,6.2,190.6,16.5,8,41.650791,-8.43569
2021-07-24,70.8,58.2,64.1,64.1,59.5,85.8,,0.018000000000000002,0,9.1,1016.5,62.3,6.5,206.5,18.0,6,41.449721999999994,-8.58779
2021-07-25,70.5,59.9,64.3,64.3,60.7,88.5,,0.032,0,7.0,1014.8,79.7,5.7,167.4,14.3,6,41.650791,-8.58779
2021-07-26,74.1,59.0,65.6,65.6,59.0,80.9,,0.001,0,13.5,1016.3,41.4,5.3,311.3,26.9,9,41.653315,-8.43569
2021-07-27,72.8,56.6,65.5,65.5,58.4,79.2,,0.0,0,15.6,1016.3,18.8,6.9,295.7,25.5,9,41.653315,-8.296389
2021-07-28,77.3,57.9,67.5,67.5,56.9,70.8,,0.001,0,12.8,1014.8,2.2,7.2,314.2,27.3,9,41.449721999999994,-8.4067
2021-07-29,72.2,57.0,64.6,64.6,55.9,74.4,,0.0,0,15.8,1014.7,0.0,7.3,312.3,27.0,9,41.650791,-8.4067
2021-07-30,68.8,55.7,62.8,62.8,57.1,82.0,,0.0,0,10.6,1017.5,45.8,7.5,290.5,25.0,9,41.449721999999994,-8.296389
2021-07-31,68.8,57.7,63.0,63.0,52.9,70.4,,0.0,0,17.2,1019.4,38.6,7.2,256.7,22.4,9,41.449721999999994,-8.4067
2021-08-01,66.3,52.9,60.5,60.5,55.3,84.0,,0.36200000000000004,0,9.9,1018.5,81.6,5.3,156.5,13.4,5,41.449721999999994,-8.43569
2021-08-02,75.1,61.3,66.7,66.7,60.4,81.9,,0.106,0,10.8,1016.1,62.0,5.2,222.5,19.0,9,41.650791,-8.4067
2021-08-03,69.4,56.1,63.9,63.9,57.5,80.7,,0.019,0,13.1,1018.4,68.2,6.8,274.2,23.8,9,41.449721999999994,-8.4067
2021-08-04,71.9,62.9,66.7,66.7,63.0,88.5,,0.057999999999999996,0,10.7,1019.5,70.0,4.8,270.1,23.2,9,41.653315,-8.43569
2021-08-05,71.0,61.0,65.4,65.4,60.7,85.4,,0.008,0,8.0,1019.0,82.8,6.5,183.0,16.0,8,41.650791,-8.58779
2021-08-06,71.2,61.2,65.8,65.8,56.5,73.0,,0.001,0,8.2,1014.8,69.4,7.2,214.7,18.6,8,41.5549,-8.43569
2021-08-07,69.6,59.0,64.5,64.5,57.5,78.9,,0.124,0,12.8,1014.3,30.8,6.9,213.4,18.7,7,41.5549,-8.58779
2021-08-08,71.0,53.2,62.5,62.5,53.2,73.1,,0.0,0,14.5,1017.2,25.1,7.0,288.5,24.9,9,41.650791,-8.296389
2021-08-09,73.2,54.6,63.6,63.6,55.2,75.5,,0.0,0,12.4,1016.7,51.0,7.3,283.6,24.5,9,41.5549,-8.4067
2021-08-10,74.6,54.2,64.6,64.6,57.7,79.9,,0.001,0,13.0,1017.2,8.3,7.3,279.5,24.1,8,41.5549,-8.4067
2021-08-11,73.7,60.0,65.7,65.7,60.5,84.4,,0.001,0,12.1,1017.0,49.2,5.0,279.6,24.1,8,41.650791,-8.43569
2021-08-12,73.6,61.1,66.2,66.2,61.2,85.2,,0.775,0,11.7,1019.2,55.6,4.8,280.5,24.2,9,41.653315,-8.4067
2021-08-13,74.9,59.3,65.8,65.8,60.0,82.8,,0.002,0,8.7,1020.2,38.3,4.7,273.8,23.6,8,41.650791,-8.296389
2021-08-14,73.5,58.4,64.9,64.9,60.2,85.6,,0.003,0,8.9,1019.5,52.3,4.1,300.2,25.8,9,41.653315,-8.58779
2021-08-15,77.7,58.7,67.1,67.1,59.2,78.0,,0.002,0,11.7,1019.0,32.0,5.0,284.8,24.7,9,41.5549,-8.43569
2021-08-16,79.2,55.9,68.1,68.1,56.6,69.0,,0.0,0,14.8,1020.7,0.6,6.9,274.3,23.7,8,41.449721999999994,-8.58779
2021-08-17,79.3,60.2,69.6,69.6,54.7,60.7,,0.0,0,12.9,1020.7,0.4,6.9,276.9,23.9,8,41.650791,-8.4067
2021-08-18,78.6,57.5,67.0,67.0,54.3,65.3,,0.0,0,12.0,1017.6,7.6,6.8,272.8,23.6,8,41.449721999999994,-8.58779
2021-08-19,73.2,54.9,63.0,63.0,55.3,77.0,,0.0,0,9.2,1014.6,14.6,6.4,263.0,22.8,8,41.449721999999994,-8.58779
2021-08-20,69.2,57.5,62.4,62.4,57.4,84.6,,0.001,0,9.9,1016.5,62.1,6.0,268.2,23.1,8,41.449721999999994,-8.58779
2021-08-21,74.1,58.5,65.9,65.9,60.4,83.5,,0.001,0,8.5,1020.1,51.1,6.3,227.2,19.5,8,41.5549,-8.43569
2021-08-22,76.7,58.3,66.9,66.9,60.5,81.6,,0.001,0,9.8,1019.5,14.2,6.2,227.9,19.8,7,41.650791,-8.58779
2021-08-23,82.1,60.6,70.8,71.0,61.2,73.2,,0.0,0,7.5,1015.0,11.1,6.9,241.1,20.9,8,41.449721999999994,-8.43569
2021-08-24,82.1,64.7,72.1,72.2,59.5,66.3,,0.0,0,7.2,1011.6,2.0,7.3,268.5,23.3,8,41.650791,-8.58779
2021-08-25,71.9,61.7,66.7,66.7,61.9,84.9,,0.001,0,9.0,1011.9,78.4,5.3,244.4,21.1,8,41.449721999999994,-8.4067
2021-08-26,73.1,62.5,67.3,67.3,61.5,82.2,,0.0,0,7.5,1014.4,48.4,6.2,214.0,18.4,8,41.5549,-8.296389
2021-08-27,72.5,58.8,65.5,65.5,60.1,83.4,,0.0,0,8.7,1015.7,27.4,6.3,238.3,20.6,8,41.5549,-8.4067
2021-08-28,70.0,61.2,65.5,65.5,60.6,85.0,,0.0,0,8.2,1017.6,54.6,5.8,194.9,17.1,8,41.5549,-8.58779
2021-08-29,70.9,59.3,64.9,64.9,60.2,85.6,,0.0,0,8.1,1016.2,59.9,6.7,188.0,16.6,7,41.653315,-8.58779
2021-08-30,71.6,59.4,64.8,64.8,60.2,85.8,,0.0,0,8.5,1014.8,59.6,6.5,209.8,18.2,7,41.5549,-8.296389
2021-08-31,74.4,57.7,65.6,65.6,59.0,80.6,,0.001,0,9.0,1014.9,52.1,6.7,196.1,16.9,7,41.650791,-8.58779
2021-09-01,72.4,61.9,66.3,66.3,62.2,87.0,,0.168,0,7.4,1015.0,52.8,5.4,88.4,7.7,3,41.449721999999994,-8.43569
2021-09-02,72.9,60.8,66.7,66.7,62.1,85.9,,0.002,0,7.1,1017.5,54.7,5.8,268.9,23.0,9,41.653315,-8.296389
2021-09-03,74.0,59.8,66.2,66.2,60.9,84.0,,0.001,0,9.4,1018.0,46.4,6.7,250.7,21.7,8,41.650791,-8.58779
2021-09-04,73.3,57.9,65.3,65.3,59.2,81.8,,0.001,0,8.6,1015.6,48.5,6.7,276.3,24.0,9,41.5549,-8.58779
2021-09-05,83.5,59.0,70.6,70.6,56.4,64.5,,0.0,0,8.4,1013.4,58.8,7.3,243.4,21.0,8,41.5549,-8.58779
2021-09-06,78.0,67.6,72.6,72.6,59.8,64.5,,0.025,0,9.1,1012.7,57.8,7.5,193.7,16.9,7,41.653315,-8.43569
2021-09-07,74.7,67.1,69.8,69.8,66.1,88.3,,0.428,0,10.9,1013.6,71.0,6.7,246.6,21.4,8,41.449721999999994,-8.4067
2021-09-08,71.4,66.9,68.5,68.5,65.9,91.4,,0.147,0,9.2,1015.3,82.7,6.4,191.3,16.6,6,41.650791,-8.43569
2021-09-09,71.3,64.1,67.0,67.0,64.6,92.1,,0.292,0,10.5,1017.2,73.0,6.2,169.9,14.7,6,41.449721999999994,-8.4067
2021-09-10,72.4,60.9,65.8,65.8,61.9,88.0,,0.084,0,6.9,1019.2,49.2,6.6,242.7,20.9,8,41.650791,-8.43569
2021-09-11,75.9,58.1,66.6,66.6,59.7,80.1,,0.001,0,7.7,1017.5,53.2,6.7,175.8,15.3,7,41.449721999999994,-8.296389
2021-09-12,81.0,62.2,69.6,69.6,61.8,77.3,,0.001,0,8.9,1012.4,68.7,7.3,229.6,19.9,8,41.653315,-8.4067
2021-09-13,78.7,63.8,69.1,69.1,62.8,81.3,,0.122,0,7.9,1010.2,59.0,7.0,139.0,12.1,5,41.650791,-8.4067
2021-09-14,75.1,62.4,66.8,66.8,62.9,87.9,,0.494,0,6.6,1009.6,58.5,6.8,88.4,7.7,3,41.449721999999994,-8.296389
2021-09-15,73.3,63.4,67.4,67.4,64.1,89.7,,0.13,0,8.8,1014.6,49.1,6.0,192.3,16.8,6,41.5549,-8.43569
2021-09-16,73.2,59.1,66.2,66.2,61.2,84.9,,0.003,0,10.6,1018.9,31.8,6.8,250.3,21.6,8,41.650791,-8.4067
2021-09-17,69.1,57.7,63.3,63.3,59.6,88.1,,0.13,0,13.4,1018.1,52.1,6.8,225.4,19.6,8,41.5549,-8.43569
2021-09-18,69.0,53.3,61.6,61.6,53.8,76.7,,0.0,0,14.1,1019.8,20.5,7.3,251.9,21.7,8,41.653315,-8.296389
2021-09-19,71.4,52.7,62.3,62.3,53.9,75.4,,0.0,0,14.9,1022.0,25.2,7.9,248.2,21.5,8,41.653315,-8.58779
2021-09-20,75.9,55.6,65.3,65.3,52.6,66.1,,0.0,0,14.2,1022.6,3.6,7.6,244.2,21.2,8,41.449721999999994,-8.296389
2021-09-21,78.0,54.6,66.3,66.3,48.6,54.6,,0.0,0,9.1,1022.7,0.7,8.3,248.1,21.4,8,41.653315,-8.43569
2021-09-22,75.3,59.4,67.1,67.1,49.2,53.4,,0.001,0,12.2,1018.9,22.3,7.8,203.3,17.5,8,41.449721999999994,-8.4067
2021-09-23,75.7,60.5,65.6,65.6,54.4,68.0,,0.184,0,9.7,1015.7,60.0,8.2,139.0,12.0,6,41.650791,-8.58779
2021-09-24,73.1,62.5,66.7,66.7,57.9,74.0,,0.036000000000000004,0,9.7,1012.9,41.5,7.0,212.0,18.2,8,41.449721999999994,-8.43569
2021-09-25,68.3,58.7,63.3,63.3,60.5,90.9,,0.816,0,8.2,1015.5,63.6,6.4,125.3,10.8,4,41.650791,-8.4067
2021-09-26,70.7,60.7,64.8,64.8,60.8,87.4,,0.003,0,8.2,1021.0,68.1,7.3,175.6,15.3,7,41.650791,-8.4067
2021-09-27,67.9,59.4,63.9,63.9,60.2,88.0,,0.316,0,9.5,1022.6,80.9,6.5,127.1,11.1,5,41.5549,-8.296389
2021-09-28,67.6,55.9,61.0,61.0,52.8,76.2,,0.0,0,14.7,1024.3,39.1,7.5,225.7,19.3,8,41.5549,-8.296389
2021-09-29,70.4,52.2,60.9,60.9,53.9,78.6,,0.0,0,11.1,1027.8,50.4,7.5,227.1,19.5,8,41.650791,-8.58779
2021-09-30,70.0,53.8,61.4,61.4,54.7,80.0,,0.002,0,10.3,1025.1,41.4,7.4,223.8,19.3,8,41.449721999999994,-8.43569
2021-10-01,68.8,54.4,61.6,61.6,57.3,86.5,,0.008,0,7.8,1022.5,79.5,6.2,173.7,14.9,7,41.653315,-8.4067
2021-10-02,65.2,62.1,63.7,63.7,62.7,96.5,,0.204,0,13.6,1015.5,94.8,4.4,149.5,12.9,6,41.449721999999994,-8.43569
2021-10-03,63.8,53.1,59.1,59.1,53.0,81.3,,1.08,0,14.2,1014.9,52.6,6.3,211.2,18.2,7,41.650791,-8.58779
2021-10-04,65.2,53.1,58.8,58.8,54.4,85.9,,0.10800000000000001,0,7.9,1022.3,68.1,6.2,146.6,12.7,5,41.653315,-8.43569
2021-10-05,68.4,59.2,62.9,62.9,60.5,92.1,,0.51,0,11.1,1022.5,62.7,5.3,174.6,15.2,7,41.653315,-8.58779
2021-10-06,72.0,55.0,62.7,62.7,56.9,82.7,,0.003,0,8.2,1023.7,14.8,6.8,208.5,18.1,7,41.5549,-8.4067
2021-10-07,76.3,58.5,65.9,65.9,55.7,71.6,,0.002,0,9.4,1021.1,7.7,6.8,208.4,18.0,7,41.653315,-8.58779
2021-10-08,72.2,56.9,63.0,63.0,57.4,82.9,,0.001,0,10.9,1019.8,27.0,6.3,206.6,17.9,7,41.449721999999994,-8.4067
2021-10-09,63.9,56.0,59.2,59.2,56.7,91.5,,0.001,0,5.4,1019.5,66.9,3.4,178.5,15.2,6,41.5549,-8.43569
2021-10-10,77.0,58.0,66.0,66.0,51.9,63.4,,0.001,0,11.6,1018.7,43.6,6.5,158.6,13.9,6,41.650791,-8.296389
2021-10-11,80.0,60.5,67.9,67.9,49.9,53.8,,0.0,0,10.8,1018.3,53.3,7.3,94.8,8.0,3,41.5549,-8.296389
2021-10-12,78.8,58.1,66.4,66.4,47.4,51.3,,0.0,0,12.9,1017.9,18.6,8.5,189.8,16.5,7,41.5549,-8.4067
2021-10-13,77.4,56.4,65.2,65.2,43.4,47.7,,0.0,0,10.4,1018.5,0.0,7.9,201.8,17.4,7,41.5549,-8.296389
2021-10-14,71.5,55.1,61.8,61.8,45.3,55.6,,0.0,0,9.1,1019.8,55.7,7.4,166.9,14.5,6,41.653315,-8.296389
2021-10-15,67.0,49.4,58.5,58.4,51.6,78.7,,0.0,0,8.4,1020.4,51.7,6.7,189.5,16.3,7,41.449721999999994,-8.296389
2021-10-16,65.4,55.3,60.0,60.0,56.8,89.1,,0.11900000000000001,0,7.3,1018.1,60.0,6.0,79.0,6.7,3,41.5549,-8.296389
2021-10-17,67.5,59.7,63.9,63.9,63.0,96.9,,0.177,0,7.1,1017.6,95.1,4.9,61.8,5.4,3,41.5549,-8.296389
2021-10-18,71.0,61.4,66.2,66.2,63.9,92.7,,0.038,0,6.6,1021.2,77.3,5.6,121.1,10.6,4,41.653315,-8.58779
2021-10-19,77.5,58.3,66.5,66.5,60.6,82.8,,0.005,0,8.8,1021.0,29.6,7.2,171.6,14.9,6,41.449721999999994,-8.4067
2021-10-20,68.3,61.2,64.7,64.7,62.3,92.0,,0.284,0,9.5,1021.2,85.6,5.4,145.3,12.5,6,41.650791,-8.296389
2021-10-21,64.5,53.4,59.5,59.5,53.2,81.0,,0.027000000000000003,0,15.3,1022.5,54.1,6.7,178.8,15.3,7,41.650791,-8.296389
2021-10-22,66.7,48.5,56.9,56.7,50.1,79.2,,0.0,0,12.0,1022.3,6.8,8.0,177.8,15.2,7,41.650791,-8.4067
2021-10-23,65.2,50.7,56.3,56.3,49.4,78.6,,0.002,0,9.5,1022.2,40.1,6.9,153.2,13.2,6,41.650791,-8.43569
2021-10-24,64.3,47.0,55.4,54.5,50.8,85.7,,0.055999999999999994,0,8.7,1023.0,41.1,5.5,174.2,15.1,6,41.449721999999994,-8.43569
2021-10-25,64.8,53.0,57.8,57.8,54.4,89.2,,0.002,0,9.5,1022.8,40.6,5.2,164.1,14.1,6,41.650791,-8.296389
2021-10-26,70.2,48.2,57.2,56.8,50.3,79.8,,0.002,0,7.4,1022.5,15.4,6.8,168.3,14.3,6,41.653315,-8.43569
2021-10-27,69.4,50.4,58.2,58.2,49.5,74.3,,0.001,0,10.4,1020.8,8.4,7.3,159.5,13.7,6,41.653315,-8.296389
2021-10-28,65.0,49.3,57.3,56.9,52.3,84.2,,0.7929999999999999,0,15.1,1014.3,51.1,6.7,110.4,9.5,5,41.653315,-8.296389
2021-10-29,65.0,56.6,59.4,59.4,58.0,95.4,,1.185,0,16.3,1006.2,90.0,5.5,66.9,5.7,4,41.449721999999994,-8.4067
2021-10-30,65.3,58.5,62.1,62.1,59.8,92.1,,0.069,0,16.2,1005.8,60.3,5.6,81.4,7.1,3,41.650791,-8.58779
2021-10-31,65.5,58.4,62.4,62.4,61.6,97.1,,1.18,0,14.2,1010.3,85.6,4.7,46.2,3.9,2,41.5549,-8.4067
2021-11-01,62.7,51.5,57.7,57.7,51.8,81.4,,0.105,0,7.3,1016.6,57.6,6.7,152.8,13.1,6,41.449721999999994,-8.43569
2021-11-02,59.4,50.2,56.2,56.2,53.0,89.0,,0.318,0,15.1,1013.2,80.5,6.0,36.8,3.1,2,41.650791,-8.58779
2021-11-03,56.5,45.4,50.3,49.7,45.3,83.8,,0.081,0,8.8,1014.1,41.1,6.8,101.1,8.9,4,41.650791,-8.58779
2021-11-04,59.7,40.3,49.4,47.7,42.9,79.9,,0.003,0,12.8,1019.5,32.4,7.3,143.1,12.4,6,41.650791,-8.43569
2021-11-05,60.7,41.7,50.7,49.4,41.8,72.8,,0.001,0,15.4,1026.6,15.3,7.7,147.6,12.9,6,41.650791,-8.4067
2021-11-06,59.0,42.9,49.6,47.8,41.4,74.8,,0.0,0,8.7,1029.5,7.7,7.3,150.9,13.0,6,41.449721999999994,-8.58779
2021-11-07,58.9,40.5,49.7,48.0,41.8,75.3,,0.002,0,8.4,1026.8,24.2,7.7,144.6,12.3,6,41.650791,-8.4067
2021-11-08,62.8,48.1,53.9,53.0,46.7,77.3,,0.0,0,8.1,1022.9,38.4,7.7,136.7,11.8,6,41.5549,-8.4067
2021-11-09,67.7,49.3,56.3,56.0,50.7,82.8,,0.002,0,7.5,1019.0,11.9,6.8,138.8,12.0,5,41.5549,-8.58779
2021-11-10,65.0,49.7,55.5,55.4,49.3,81.3,,0.003,0,8.9,1018.5,30.1,6.8,139.1,12.0,5,41.650791,-8.296389
2021-11-11,60.5,45.8,52.4,52.1,49.0,88.9,,0.002,0,8.2,1019.7,10.8,5.4,138.5,12.0,5,41.5549,-8.58779
2021-11-12,59.8,43.7,50.9,49.8,47.9,89.9,,0.003,0,6.4,1019.5,40.1,3.7,136.5,11.6,5,41.5549,-8.58779
2021-11-13,63.4,45.4,53.1,51.9,47.9,83.7,,0.003,0,7.7,1019.8,48.2,5.5,134.5,11.5,5,41.650791,-8.58779
2021-11-14,62.6,45.6,52.4,51.0,46.4,81.1,,0.002,0,7.2,1019.9,4.8,6.2,138.3,12.0,6,41.653315,-8.43569
2021-11-15,63.8,43.2,52.1,51.1,45.1,78.3,,0.002,0,8.1,1020.9,38.9,6.8,129.5,11.1,5,41.650791,-8.4067
2021-11-16,61.7,48.4,53.4,52.6,44.5,72.7,,0.0,0,9.1,1021.0,44.9,7.5,129.2,11.1,5,41.650791,-8.58779
2021-11-17,62.6,47.2,53.4,52.5,43.7,70.6,,0.0,0,8.3,1022.8,37.4,7.8,124.9,10.7,5,41.650791,-8.296389
2021-11-18,61.9,45.0,53.0,51.9,39.4,60.6,,0.025,0,12.5,1023.9,9.4,8.5,128.7,11.2,5,41.449721999999994,-8.58779
2021-11-19,65.3,47.7,55.7,54.7,41.7,60.0,,0.0,0,12.9,1021.8,18.8,8.7,123.4,10.6,5,41.5549,-8.4067
2021-11-20,65.6,53.1,57.6,57.6,46.4,67.2,,0.027999999999999997,0,10.3,1019.2,61.8,7.5,90.6,7.9,4,41.5549,-8.58779
2021-11-21,61.3,47.1,53.2,52.9,48.6,84.7,,0.0,0,7.8,1016.6,40.7,6.3,104.3,8.9,4,41.650791,-8.296389
2021-11-22,54.7,44.8,48.3,45.7,39.1,71.7,,0.002,0,18.9,1014.0,33.4,7.7,98.1,8.5,5,41.653315,-8.296389
2021-11-23,58.8,44.1,49.4,47.7,40.4,71.7,,0.0,0,8.9,1014.4,38.6,8.7,92.1,7.9,4,41.650791,-8.296389
2021-11-24,55.1,38.8,47.4,45.8,40.6,77.5,,0.002,0,16.4,1017.2,39.6,8.0,98.3,8.4,4,41.650791,-8.4067
2021-11-25,55.1,41.9,48.2,46.9,42.1,80.0,,0.11800000000000001,0,12.2,1012.8,56.7,7.1,44.6,4.0,2,41.650791,-8.58779
2021-11-26,54.5,42.1,48.6,46.4,40.4,73.9,,0.032,0,14.9,1016.6,42.8,7.3,116.7,10.4,5,41.5549,-8.296389
2021-11-27,52.9,41.7,48.4,46.4,41.3,77.6,,0.076,0,20.4,1016.1,45.7,6.9,104.3,8.9,5,41.650791,-8.296389
2021-11-28,53.0,38.3,46.0,45.3,42.8,88.4,,0.10800000000000001,0,12.2,1022.4,83.0,5.6,47.9,4.1,3,41.449721999999994,-8.43569
2021-11-29,54.7,47.3,51.8,51.7,49.0,90.2,,0.057999999999999996,0,12.9,1024.6,83.0,6.6,34.7,3.0,2,41.449721999999994,-8.58779
2021-11-30,56.5,42.2,47.4,45.9,44.8,91.5,,0.005,0,8.8,1027.1,21.2,5.5,110.0,9.6,5,41.650791,-8.296389
2021-12-01,54.4,42.2,48.9,47.1,46.5,91.7,,0.027999999999999997,0,12.9,1023.7,61.7,5.2,16.2,1.4,1,41.650791,-8.58779
2021-12-02,54.1,43.3,48.4,45.8,42.1,79.3,,0.192,0,13.4,1022.0,43.8,6.8,103.0,8.9,5,41.650791,-8.43569
2021-12-03,53.6,38.5,46.6,45.5,44.1,91.3,,0.065,0,9.5,1026.7,68.4,5.6,93.9,8.1,4,41.449721999999994,-8.4067
2021-12-04,58.5,49.1,54.3,54.2,51.2,89.9,,0.5820000000000001,0,15.7,1025.5,64.4,4.8,80.8,6.8,4,41.449721999999994,-8.4067
2021-12-05,56.3,48.8,52.1,52.0,46.7,82.1,,0.006999999999999999,0,17.4,1028.1,60.4,6.6,42.6,3.6,2,41.5549,-8.4067
2021-12-06,55.1,48.2,51.9,51.6,50.6,95.2,,0.391,0,9.7,1027.4,87.5,3.9,35.8,3.2,2,41.650791,-8.296389
2021-12-07,57.5,50.9,55.1,55.1,53.6,94.9,,0.747,0,14.1,1018.4,91.9,4.3,20.7,1.8,1,41.650791,-8.4067
2021-12-08,52.7,47.6,50.2,48.6,45.1,82.6,,0.243,0,16.2,1020.1,69.1,6.5,53.6,4.6,2,41.650791,-8.4067
2021-12-09,55.6,51.3,53.7,53.7,51.7,92.9,,0.125,0,10.3,1025.8,88.7,5.1,24.1,2.0,1,41.653315,-8.296389
2021-12-10,57.6,49.2,54.8,54.8,53.6,95.6,,0.20600000000000002,0,11.3,1024.9,82.6,4.8,26.7,2.3,1,41.653315,-8.4067
2021-12-11,57.7,47.1,51.3,50.9,50.0,95.4,,0.03,0,5.7,1026.8,58.8,4.9,73.0,6.5,4,41.449721999999994,-8.43569
2021-12-12,57.8,42.8,49.2,47.9,46.9,92.0,,0.008,0,10.5,1024.4,32.5,5.1,101.6,8.8,4,41.650791,-8.58779
2021-12-13,62.6,48.6,54.0,52.8,47.7,80.0,,0.0,0,10.8,1022.1,19.6,7.4,102.1,8.9,4,41.650791,-8.296389
2021-12-14,59.2,47.8,51.7,49.6,44.8,77.9,,0.0,0,10.8,1024.4,18.8,8.2,105.6,9.1,5,41.5549,-8.296389
2021-12-15,61.7,42.9,50.3,48.2,41.8,73.5,,0.0,0,8.1,1023.6,31.5,7.3,104.6,9.0,5,41.653315,-8.296389
2021-12-16,62.7,44.0,50.3,48.6,40.7,70.6,,0.0,0,8.4,1023.7,39.7,7.6,103.6,8.9,4,41.653315,-8.4067
2021-12-17,59.6,43.0,48.8,46.5,40.2,73.4,,0.002,0,8.9,1024.8,18.9,8.5,102.8,8.8,4,41.653315,-8.43569
2021-12-18,58.6,42.3,48.2,45.3,39.8,73.4,,0.0,0,10.1,1024.9,21.5,7.1,96.8,8.3,4,41.449721999999994,-8.296389
2021-12-19,58.9,43.1,50.7,48.6,40.0,67.7,,0.0,0,12.1,1020.8,55.7,7.4,81.1,7.0,4,41.653315,-8.43569
2021-12-20,57.7,54.2,55.3,55.3,47.4,75.9,,0.769,0,11.3,1015.6,85.4,6.5,22.5,2.0,1,41.5549,-8.296389
2021-12-21,66.5,54.5,59.8,59.8,53.8,81.4,,0.392,0,11.9,1013.8,72.3,7.6,70.0,5.9,3,41.650791,-8.58779
2021-12-22,62.4,55.9,59.4,59.4,52.4,77.8,,0.221,0,12.4,1014.4,64.6,7.3,97.6,8.4,4,41.449721999999994,-8.43569
2021-12-23,59.1,54.9,56.9,56.9,55.7,95.5,,0.5,0,14.1,1013.6,72.0,5.2,56.8,4.9,3,41.650791,-8.58779
2021-12-24,56.8,53.7,55.1,55.1,52.2,90.1,,0.551,0,16.1,1007.4,83.0,5.9,27.9,2.5,1,41.5549,-8.4067
2021-12-25,58.7,52.7,54.9,54.9,53.0,93.5,,0.276,0,9.8,1004.7,72.5,5.8,45.1,3.9,2,41.650791,-8.296389
2021-12-26,59.0,54.1,57.0,57.0,56.4,98.0,,1.208,0,15.7,1008.7,92.4,3.4,23.2,2.1,1,41.5549,-8.4067
2021-12-27,59.6,57.1,58.4,58.4,56.5,93.4,,0.073,0,15.9,1014.4,88.1,5.1,65.7,5.6,3,41.5549,-8.58779
2021-12-28,61.5,58.0,59.2,59.2,57.4,93.7,,0.10099999999999999,0,13.9,1021.7,90.3,5.2,28.8,2.5,1,41.5549,-8.4067
2021-12-29,60.9,57.4,59.0,59.0,57.6,95.2,,0.155,0,9.0,1024.3,92.8,4.5,60.5,5.3,3,41.653315,-8.58779
2021-12-30,60.5,49.2,54.2,54.1,51.9,92.3,,0.002,0,6.1,1021.9,38.5,5.4,106.3,9.1,5,41.5549,-8.296389
2021-12-31,68.9,48.7,57.5,56.7,48.6,73.9,,0.003,0,8.7,1023.1,63.2,6.6,99.0,8.6,4,41.653315,-8.58779
2022-01-01,70.9,58.0,63.8,63.8,45.8,52.8,,0.153,0,13.8,1023.6,76.7,6.6,72.9,6.3,4,41.653315,-8.4067
2022-01-02,60.3,51.7,56.4,56.4,54.8,94.3,,0.083,0,8.5,1028.5,72.6,5.3,81.9,7.1,4,41.449721999999994,-8.58779
2022-01-03,56.8,50.2,53.8,53.8,52.5,95.6,,0.036000000000000004,0,10.6,1023.9,81.8,4.5,86.3,7.5,4,41.650791,-8.4067
2022-01-04,57.8,49.6,52.8,52.5,47.5,82.3,,0.284,0,19.0,1016.7,66.9,6.9,57.5,4.9,3,41.653315,-8.58779
2022-01-05,55.1,44.5,48.9,48.0,46.4,91.2,,0.419,0,16.0,1020.8,66.8,5.8,24.6,2.0,1,41.5549,-8.296389
2022-01-06,53.1,41.8,46.5,45.1,44.4,92.6,,0.017,0,6.4,1023.6,64.9,5.8,71.2,6.0,4,41.650791,-8.58779
2022-01-07,56.4,44.6,49.5,47.6,44.1,82.8,,0.004,0,13.5,1030.6,36.4,7.0,106.7,9.3,5,41.449721999999994,-8.296389
2022-01-08,51.9,37.1,44.8,42.4,40.9,86.9,,0.076,0,7.8,1031.5,71.4,6.4,91.0,7.8,4,41.5549,-8.4067
2022-01-09,56.4,50.7,54.6,54.6,53.9,97.6,,0.45799999999999996,0,8.6,1027.1,92.5,3.7,27.0,2.2,1,41.449721999999994,-8.43569
2022-01-10,56.1,47.7,53.7,53.6,52.5,95.6,10.0,0.114,0,10.0,1025.6,81.6,5.4,68.7,6.0,4,41.449721999999994,-8.296389
2022-01-11,60.9,46.3,51.9,51.1,49.1,90.2,10.0,0.003,0,8.0,1026.4,33.9,5.8,106.1,9.3,5,41.5549,-8.58779
2022-01-12,60.5,48.0,52.0,50.4,41.7,69.5,10.0,0.001,0,12.7,1027.8,5.9,8.6,106.8,9.5,4,41.650791,-8.296389
2022-01-13,58.5,42.2,48.3,45.3,32.7,55.8,10.0,0.0,0,11.0,1029.8,5.7,7.6,110.7,9.8,5,41.653315,-8.296389
2022-01-14,55.9,39.2,45.2,41.8,35.5,69.9,10.0,0.0,0,9.3,1030.3,33.0,7.8,108.8,9.8,5,41.449721999999994,-8.43569
2022-01-15,57.0,39.9,46.8,43.7,37.2,69.7,10.0,0.0,0,9.6,1026.8,45.0,7.1,101.5,9.1,4,41.5549,-8.296389
2022-01-16,60.0,48.2,52.4,50.9,42.9,70.5,10.0,0.013000000000000001,0,9.8,1029.2,68.9,7.2,79.2,6.9,4,41.449721999999994,-8.4067
2022-01-17,59.2,43.5,50.2,48.0,43.0,77.3,10.0,0.0,0,8.4,1031.6,67.4,7.3,108.1,9.7,5,41.653315,-8.4067
2022-01-18,59.0,42.0,48.3,45.9,38.9,71.6,10.0,0.0,0,8.4,1030.3,22.4,7.8,112.1,10.1,5,41.653315,-8.58779
2022-01-19,56.3,39.4,46.4,43.7,38.5,75.2,10.0,0.001,0,8.9,1030.8,2.1,7.3,117.5,10.4,5,41.449721999999994,-8.4067
2022-01-20,61.1,40.5,49.0,46.6,38.1,67.9,10.0,0.002,0,8.0,1028.3,0.3,7.8,117.8,10.4,5,41.650791,-8.43569
2022-01-21,55.7,42.9,47.6,44.8,36.9,67.1,10.0,0.0,0,10.2,1026.6,17.9,7.8,112.5,10.1,5,41.449721999999994,-8.296389
2022-01-22,55.5,40.3,45.6,41.5,29.8,54.8,10.0,0.0,0,16.2,1027.1,1.4,7.6,120.3,10.8,5,41.449721999999994,-8.4067
2022-01-23,56.3,38.9,45.0,41.8,33.9,66.3,10.0,0.0,0,10.0,1024.9,0.0,7.7,122.7,10.9,5,41.653315,-8.43569
2022-01-24,55.4,35.7,43.7,41.0,36.9,78.5,10.0,0.001,0,8.1,1026.5,2.5,6.7,122.5,11.0,5,41.5549,-8.4067
2022-01-25,56.9,38.1,45.5,42.7,38.0,76.8,10.0,0.002,0,8.0,1029.6,3.2,7.0,135.1,12.0,5,41.5549,-8.296389
2022-01-26,58.6,41.4,47.8,45.0,36.3,65.8,10.0,0.0,0,9.5,1027.8,6.3,7.9,123.8,11.1,5,41.653315,-8.43569
2022-01-27,61.7,42.9,50.0,48.0,37.0,62.3,10.0,0.0,0,9.5,1027.8,3.3,7.9,122.5,10.9,5,41.449721999999994,-8.58779
2022-01-28,62.0,42.5,50.5,48.3,30.6,48.4,10.0,0.0,0,10.4,1029.9,0.3,8.0,133.4,11.9,6,41.5549,-8.58779
2022-01-29,64.2,41.6,51.2,49.2,26.9,40.0,10.0,0.0,0,10.1,1031.1,1.4,8.1,134.6,11.9,6,41.653315,-8.58779
2022-01-30,62.9,42.4,49.7,47.2,31.3,50.7,10.0,0.0,0,10.6,1028.8,3.0,6.9,130.9,11.7,5,41.650791,-8.43569
2022-01-31,58.0,35.3,47.0,44.9,35.6,65.2,10.0,0.0,0,7.6,1030.0,0.3,7.3,134.8,11.9,6,41.650791,-8.4067
2022-02-01,63.3,46.0,54.2,52.7,36.6,52.1,10.0,0.0,0,12.6,1030.9,2.5,7.2,130.3,11.8,5,41.449721999999994,-8.4067
2022-02-02,65.3,47.9,55.1,54.8,41.1,60.1,10.0,0.0,0,9.5,1026.7,24.4,8.1,133.6,12.0,6,41.650791,-8.58779
2022-02-03,57.6,43.6,50.1,48.5,45.4,84.0,10.0,0.0,0,7.5,1023.9,72.9,6.7,107.9,9.3,5,41.650791,-8.4067
2022-02-04,55.1,47.1,51.4,51.1,48.4,89.9,10.0,0.019,0,10.9,1024.9,80.4,7.0,75.5,6.5,3,41.449721999999994,-8.296389
2022-02-05,58.9,42.2,49.6,48.2,43.7,81.3,10.0,0.002,0,9.4,1027.1,22.9,6.8,136.2,11.8,6,41.650791,-8.43569
2022-02-06,57.6,40.2,48.4,46.2,38.6,70.1,10.0,0.0,0,8.4,1030.1,17.1,7.0,136.3,11.9,6,41.449721999999994,-8.58779
2022-02-07,64.5,42.8,52.2,50.7,38.8,62.5,10.0,0.0,0,7.4,1029.4,14.7,7.6,142.7,12.3,6,41.5549,-8.4067
2022-02-08,66.1,48.9,54.9,54.1,38.9,55.7,10.0,0.0,0,13.1,1027.0,0.9,6.6,144.4,12.5,6,41.650791,-8.43569
2022-02-09,63.3,44.8,52.3,50.5,41.9,69.2,10.0,0.0,0,10.1,1028.0,9.2,7.1,142.8,12.3,6,41.449721999999994,-8.58779
2022-02-10,61.9,45.4,52.9,51.4,45.4,76.9,10.0,0.002,0,9.4,1027.2,64.3,6.7,78.7,6.7,4,41.650791,-8.296389
2022-02-11,60.0,47.6,53.7,53.5,49.4,85.8,10.0,0.0,0,7.4,1026.0,63.9,5.6,134.3,11.6,6,41.449721999999994,-8.4067
2022-02-12,57.0,45.5,50.8,50.4,48.2,90.8,10.0,0.0,0,6.6,1023.6,57.3,5.5,106.2,9.2,5,41.653315,-8.4067
2022-02-13,55.1,44.2,49.9,48.6,47.2,90.7,10.0,0.782,0,16.8,1018.0,69.9,5.5,8.6,0.9,1,41.449721999999994,-8.4067
2022-02-14,55.6,43.7,49.6,48.7,44.1,81.6,10.0,0.183,0,14.2,1023.2,45.6,7.4,136.1,11.8,5,41.653315,-8.4067
2022-02-15,55.3,39.9,47.9,46.1,44.4,88.2,10.0,0.034,0,8.6,1030.0,60.3,6.7,91.1,7.9,5,41.5549,-8.4067
2022-02-16,56.3,49.0,53.5,53.4,52.5,96.4,10.0,0.13,0,7.7,1030.8,92.2,4.6,10.5,0.8,1,41.5549,-8.4067
2022-02-17,59.4,50.4,54.7,54.7,53.0,94.1,10.0,0.053,0,6.7,1027.6,79.0,5.9,140.6,12.4,6,41.653315,-8.43569
2022-02-18,54.1,45.8,51.3,50.3,48.3,89.7,10.0,0.14300000000000002,0,15.3,1022.2,92.4,6.4,23.4,1.9,2,41.650791,-8.58779
2022-02-19,56.4,40.1,47.7,44.5,38.2,70.6,10.0,0.0,0,15.5,1027.5,11.3,7.4,163.1,14.2,7,41.449721999999994,-8.4067
2022-02-20,59.3,39.8,49.7,48.8,44.0,81.7,10.0,0.001,0,11.8,1030.8,48.4,7.0,157.1,13.8,7,41.449721999999994,-8.4067
2022-02-21,62.2,44.1,52.3,51.2,47.0,82.9,10.0,0.001,0,13.7,1030.4,25.6,7.2,162.3,14.2,7,41.653315,-8.43569
2022-02-22,68.4,47.3,56.4,55.5,41.0,59.2,10.0,0.002,0,9.3,1028.2,2.3,7.4,170.1,14.8,7,41.449721999999994,-8.43569
2022-02-23,66.9,47.5,56.3,56.2,39.9,56.0,10.0,0.0,0,8.9,1021.6,82.4,7.8,122.6,10.6,5,41.449721999999994,-8.43569
2022-02-24,59.4,43.5,50.8,50.3,42.2,73.9,10.0,0.0,0,10.6,1020.7,82.4,7.4,134.5,11.6,5,41.449721999999994,-8.4067
2022-02-25,64.2,48.5,54.8,54.0,39.3,56.6,10.0,0.0,0,11.9,1022.1,63.7,7.5,161.9,14.1,6,41.653315,-8.58779
2022-02-26,57.8,46.9,52.7,51.9,38.9,60.1,10.0,0.0,0,11.4,1019.6,58.4,7.8,35.9,3.2,3,41.653315,-8.43569
2022-02-27,58.3,44.5,51.6,51.0,46.8,84.5,10.0,0.001,0,7.5,1022.7,54.5,6.4,166.3,14.4,7,41.650791,-8.4067
2022-02-28,60.2,45.0,52.0,51.2,47.8,86.5,10.0,0.002,0,7.0,1025.8,74.9,6.3,135.6,11.9,5,41.449721999999994,-8.43569
2022-03-01,57.9,50.0,53.2,53.2,50.5,90.7,10.0,0.33799999999999997,0,11.4,1024.6,78.0,5.9,98.1,7.0,5,41.5549,-8.296389
2022-03-02,55.4,46.8,51.7,51.3,48.4,88.8,10.0,0.034,0,6.3,1024.9,74.2,6.2,52.0,3.7,2,41.650791,-8.4067
2022-03-03,56.2,46.6,51.7,50.7,46.1,81.8,10.0,0.8,0,24.3,1020.9,66.6,6.3,162.8,11.8,7,41.449721999999994,-8.296389
2022-03-04,55.7,39.9,47.5,45.1,38.5,72.0,10.0,0.0,0,17.2,1024.8,32.3,7.2,180.9,13.1,7,41.5549,-8.296389
2022-03-05,56.2,40.7,46.6,44.3,39.7,78.0,10.0,0.003,0,11.2,1018.4,45.4,7.1,158.8,11.4,6,41.653315,-8.4067
2022-03-06,56.4,39.8,47.6,45.4,36.0,65.3,10.0,0.0,0,12.0,1016.8,51.5,7.2,179.4,12.7,7,41.449721999999994,-8.58779
2022-03-07,55.7,37.5,47.4,45.4,37.7,69.8,10.0,0.109,0,10.1,1013.1,43.7,8.7,190.2,14.9,7,41.650791,-8.296389
2022-03-08,56.8,45.7,51.1,49.9,46.5,84.8,10.0,0.456,0,16.2,1015.7,53.9,6.8,183.1,15.8,7,41.650791,-8.4067
2022-03-09,57.2,47.1,52.0,52.0,50.0,93.1,10.0,0.75,0,19.3,1017.0,83.8,5.3,61.8,5.3,3,41.5549,-8.4067
2022-03-10,57.6,46.3,53.4,52.7,51.6,93.6,10.0,0.314,0,19.7,1015.1,88.4,5.3,27.3,2.4,2,41.449721999999994,-8.43569
2022-03-11,56.6,45.3,52.7,52.6,47.5,82.7,10.0,0.514,0,12.3,1013.4,58.8,6.9,139.3,12.0,6,41.449721999999994,-8.296389
2022-03-12,55.7,44.5,50.5,48.9,47.6,89.8,10.0,0.603,0,12.5,1013.1,70.5,5.9,14.1,1.2,1,41.653315,-8.4067
2022-03-13,55.5,42.2,48.7,47.0,44.7,86.4,10.0,0.326,0,15.9,1013.4,63.6,6.5,145.5,12.6,6,41.653315,-8.296389
2022-03-14,57.4,45.2,50.3,48.8,44.1,80.0,10.0,0.024,0,9.7,1009.6,59.6,7.1,99.3,8.5,4,41.650791,-8.58779
2022-03-15,61.8,42.4,53.4,52.5,48.8,85.1,10.0,0.002,0,7.7,1012.2,46.4,5.9,206.3,17.7,7,41.449721999999994,-8.58779
2022-03-16,60.3,53.4,56.2,56.2,50.6,82.2,10.0,0.0,0,16.9,1017.7,90.4,6.2,200.3,17.4,7,41.5549,-8.43569
2022-03-17,61.5,49.7,54.2,53.9,42.5,65.1,10.0,0.0,0,9.4,1024.3,65.8,8.1,211.5,18.1,8,41.449721999999994,-8.58779
2022-03-18,66.2,45.0,54.5,53.2,40.0,59.1,10.0,0.0,0,11.2,1023.6,10.4,8.3,216.0,18.6,8,41.650791,-8.58779
2022-03-19,67.3,49.2,57.3,56.9,45.5,66.0,10.0,0.0,0,9.8,1020.3,49.9,8.2,138.5,11.8,8,41.653315,-8.43569
2022-03-20,65.5,53.3,58.5,58.5,45.8,63.6,10.0,0.001,0,10.4,1015.7,82.1,7.9,141.4,12.1,5,41.650791,-8.58779
2022-03-21,62.6,50.8,55.7,55.7,48.9,78.9,10.0,0.043,0,8.8,1015.2,60.5,7.9,146.8,12.5,7,41.653315,-8.296389
2022-03-22,58.1,52.0,54.5,54.5,50.9,88.0,10.0,0.258,0,11.2,1015.9,75.9,7.3,84.6,7.2,5,41.650791,-8.4067
2022-03-23,63.4,51.1,55.7,55.7,49.6,81.1,10.0,0.254,0,11.3,1016.1,76.7,7.5,93.6,8.0,5,41.449721999999994,-8.296389
2022-03-24,67.4,49.9,58.9,58.8,45.0,60.7,10.0,0.0,0,10.4,1016.2,64.7,7.7,227.6,19.7,7,41.449721999999994,-8.296389
2022-03-25,65.4,56.8,60.6,60.6,49.4,67.2,10.0,0.002,0,9.2,1015.2,73.2,7.0,124.0,10.8,5,41.650791,-8.296389
2022-03-26,66.2,54.2,58.9,58.9,50.3,74.1,10.0,0.0,0,7.4,1016.1,84.9,6.8,157.4,13.6,7,41.449721999999994,-8.43569
2022-03-27,68.5,51.1,58.9,58.9,48.6,70.2,10.0,0.0,0,8.7,1018.8,41.6,6.7,226.0,18.6,7,41.449721999999994,-8.58779
2022-03-28,68.0,54.0,60.0,60.0,48.9,67.6,10.0,0.0,0,7.2,1016.2,86.8,6.7,177.3,15.3,6,41.653315,-8.43569
2022-03-29,62.4,53.6,57.8,57.8,51.4,79.6,10.0,0.013000000000000001,0,14.0,1010.2,64.6,6.4,235.2,20.2,8,41.449721999999994,-8.58779
2022-03-30,59.4,46.5,53.2,52.4,46.1,77.3,10.0,0.0,0,13.2,1009.7,27.4,6.8,254.6,22.2,8,41.5549,-8.4067
2022-03-31,58.0,50.9,53.6,53.6,49.1,85.0,10.0,0.129,0,14.8,1010.9,70.1,7.0,192.9,16.4,6,41.650791,-8.43569
2022-04-01,58.9,42.0,50.6,48.2,34.8,58.1,10.0,0.0,0,13.3,1018.3,15.8,7.9,272.0,23.4,9,41.650791,-8.4067
2022-04-02,58.8,39.3,49.4,47.4,31.7,51.7,10.0,0.0,0,11.3,1020.1,19.3,6.9,275.0,23.8,9,41.650791,-8.58779
2022-04-03,60.5,41.9,50.2,47.9,31.6,50.2,10.0,0.008,0,12.4,1017.1,19.1,8.3,232.6,20.0,9,41.5549,-8.296389
2022-04-04,61.2,39.8,49.9,47.3,26.8,42.0,10.0,0.0,0,16.0,1015.5,19.2,7.8,275.7,23.9,9,41.653315,-8.58779
2022-04-05,59.1,42.1,50.3,48.2,31.7,49.8,10.0,0.0,0,12.0,1014.2,72.7,8.3,234.3,20.4,8,41.5549,-8.43569
2022-04-06,59.6,43.7,51.3,50.1,44.1,77.5,10.0,0.0,0,14.5,1017.6,42.2,7.4,268.3,23.2,9,41.5549,-8.43569
2022-04-07,59.5,51.7,55.6,55.6,49.5,80.2,10.0,0.0,0,10.5,1022.4,88.5,7.4,144.7,12.7,6,41.650791,-8.58779
2022-04-08,56.7,52.9,55.6,55.6,54.0,94.3,10.0,0.001,0,14.0,1019.1,93.1,4.5,31.0,2.9,2,41.449721999999994,-8.4067
2022-04-09,62.2,47.7,54.5,54.1,51.0,88.7,10.0,0.601,0,7.3,1017.9,75.0,4.5,248.9,21.5,8,41.653315,-8.58779
2022-04-10,64.9,55.0,58.9,58.9,53.3,82.0,10.0,0.0,0,11.0,1008.9,64.4,7.2,267.0,22.8,9,41.653315,-8.58779
2022-04-11,60.2,53.6,56.0,56.0,52.7,89.0,10.0,0.39799999999999996,0,15.1,1002.7,75.1,6.1,155.5,13.3,8,41.5549,-8.296389
2022-04-12,60.2,52.3,55.4,55.4,52.4,89.9,10.0,0.643,0,10.9,1007.6,79.5,5.7,210.8,18.2,8,41.653315,-8.58779
2022-04-13,61.3,52.0,55.9,55.9,52.4,88.5,10.0,0.066,0,12.3,1017.0,61.1,6.9,207.3,17.9,9,41.650791,-8.58779
2022-04-14,62.0,47.4,54.6,54.3,50.7,87.5,10.0,0.002,0,13.4,1020.4,34.8,6.6,274.6,23.9,9,41.650791,-8.4067
2022-04-15,64.6,46.9,56.0,55.9,51.0,84.4,10.0,0.0,0,8.4,1022.4,17.5,6.6,277.1,23.9,9,41.650791,-8.296389
2022-04-16,62.7,50.5,56.6,56.6,53.0,88.1,10.0,0.0,0,13.6,1023.1,68.3,5.0,292.0,25.3,9,41.650791,-8.4067
2022-04-17,66.3,52.4,58.1,58.1,53.2,84.5,10.0,0.0,0,12.6,1020.3,67.4,5.7,246.3,21.4,8,41.650791,-8.58779
2022-04-18,63.4,48.6,56.3,56.2,48.3,75.4,10.0,0.0,0,19.0,1017.8,22.7,6.8,297.9,25.7,9,41.650791,-8.43569
2022-04-19,59.9,48.2,53.0,51.1,42.2,67.2,10.0,0.0,0,21.4,1018.9,32.7,7.2,298.7,25.8,9,41.5549,-8.43569
2022-04-20,59.6,44.3,52.0,50.4,41.2,67.4,10.0,0.0,0,23.3,1016.7,30.7,7.5,304.8,26.5,9,41.5549,-8.4067
2022-04-21,57.6,45.1,50.8,50.2,44.6,79.5,10.0,0.561,0,10.4,1010.0,66.7,6.9,175.3,15.1,8,41.650791,-8.4067
2022-04-22,54.6,45.7,49.5,48.6,46.2,88.6,10.0,0.69,0,8.4,996.8,74.4,6.8,213.4,18.5,8,41.650791,-8.58779
2022-04-23,58.7,45.0,51.0,50.7,46.0,84.1,10.0,0.267,0,9.7,1004.5,65.8,6.0,297.1,25.7,9,41.650791,-8.58779
2022-04-24,60.8,49.1,54.5,54.5,50.3,86.0,10.0,0.10400000000000001,0,8.2,1013.0,61.9,7.0,196.1,16.9,8,41.449721999999994,-8.4067
2022-04-25,64.9,46.7,56.0,55.5,48.5,78.0,10.0,0.0,0,8.8,1011.9,52.4,6.2,300.2,25.8,9,41.5549,-8.58779
2022-04-26,61.8,52.2,56.8,56.8,52.3,85.0,10.0,0.111,0,9.8,1012.6,76.6,7.3,218.8,18.8,9,41.5549,-8.58779
2022-04-27,61.8,53.5,57.3,57.3,53.9,88.8,10.0,0.013999999999999999,0,8.6,1017.5,66.7,7.1,258.2,22.3,8,41.449721999999994,-8.4067
2022-04-28,68.4,47.7,58.2,58.1,51.8,80.9,10.0,0.0,0,12.8,1021.9,30.4,6.3,312.4,26.9,9,41.653315,-8.4067
2022-04-29,70.9,54.8,63.1,63.1,51.7,67.8,10.0,0.0,0,10.2,1024.1,8.2,7.3,313.3,26.9,9,41.5549,-8.296389
2022-04-30,66.8,54.2,59.9,59.9,53.7,80.3,10.0,0.0,0,9.8,1023.5,15.8,6.5,315.3,27.0,9,41.650791,-8.296389
2022-05-01,60.5,51.7,56.2,56.2,49.6,79.1,10.0,0.0,0,11.3,1022.5,87.6,6.9,276.0,24.0,9,41.5549,-8.43569
2022-05-02,62.8,50.4,57.1,57.1,49.1,75.3,10.0,0.004,0,16.6,1015.9,51.2,7.3,304.5,26.4,9,41.449721999999994,-8.58779
2022-05-03,69.5,48.4,60.0,59.8,48.0,65.6,10.0,0.0,0,12.5,1014.5,41.4,7.8,216.9,18.6,8,41.449721999999994,-8.4067
2022-05-04,69.1,52.6,62.2,62.2,49.1,63.3,10.0,0.0,0,11.7,1017.9,26.1,7.8,322.4,28.1,9,41.653315,-8.296389
2022-05-05,69.8,52.9,62.0,62.0,51.6,70.1,10.0,0.0,0,8.1,1021.6,10.7,7.4,319.9,27.8,9,41.650791,-8.58779
2022-05-06,67.8,52.2,60.6,60.6,52.7,76.4,10.0,0.0,0,7.7,1022.5,19.8,6.8,323.0,27.8,10,41.449721999999994,-8.58779
2022-05-07,69.6,51.4,61.3,61.3,52.1,73.4,10.0,0.001,0,9.0,1020.9,53.6,5.7,300.6,25.8,9,41.449721999999994,-8.296389
2022-05-08,73.4,54.4,64.2,64.2,50.9,63.0,10.0,0.0,0,11.0,1019.4,54.9,6.9,320.1,27.4,9,41.653315,-8.296389
2022-05-09,69.4,54.8,61.5,61.5,54.9,79.8,10.0,0.0,0,8.5,1020.2,53.4,4.9,323.1,27.9,9,41.5549,-8.4067
2022-05-10,65.5,52.3,58.9,58.9,53.5,82.7,10.0,0.0,0,9.1,1020.5,41.1,5.1,336.2,29.2,10,41.449721999999994,-8.58779
2022-05-11,66.8,52.9,59.3,59.3,53.0,80.6,10.0,0.0,0,12.2,1018.8,55.2,6.5,336.6,29.4,10,41.449721999999994,-8.4067
2022-05-12,70.3,54.5,62.1,62.1,55.2,79.3,10.0,0.0,0,8.7,1017.8,77.9,6.8,309.8,26.8,9,41.650791,-8.43569
2022-05-13,73.5,54.4,64.2,64.2,53.8,71.1,10.0,0.0,0,8.7,1019.0,41.0,7.0,323.3,27.9,9,41.5549,-8.58779
2022-05-14,85.2,59.1,68.6,68.6,55.0,63.3,10.0,0.10800000000000001,0,12.4,1013.5,64.3,6.8,295.1,25.7,9,41.650791,-8.296389
2022-05-15,66.0,59.4,62.8,62.8,58.4,85.9,10.0,0.098,0,14.0,1014.1,80.4,6.2,257.9,22.3,8,41.650791,-8.58779
2022-05-16,68.2,59.6,62.9,62.9,59.9,90.2,10.0,0.425,0,14.9,1018.0,88.1,5.7,169.5,14.7,8,41.449721999999994,-8.43569
2022-05-17,66.8,61.7,63.8,63.8,61.1,91.2,10.0,0.14400000000000002,0,12.2,1019.7,89.1,5.4,146.2,12.7,6,41.653315,-8.4067
2022-05-18,66.4,55.4,62.1,62.1,58.2,88.1,10.0,0.004,0,7.3,1018.7,80.4,6.6,205.0,17.8,7,41.5549,-8.4067
2022-05-19,67.9,49.2,59.5,59.5,53.7,82.3,10.0,0.0,0,11.4,1018.3,53.7,7.1,314.3,27.4,9,41.5549,-8.58779
2022-05-20,77.9,53.3,67.0,67.0,58.8,76.6,10.0,0.0,0,9.2,1017.6,50.9,6.9,307.4,26.5,10,41.5549,-8.296389
2022-05-21,76.8,63.3,71.2,71.2,61.0,70.8,15.0,0.017,0,10.2,1013.0,76.7,6.7,115.5,9.8,6,41.5549,-8.296389
2022-05-22,67.5,60.3,63.0,63.0,60.0,90.2,10.0,0.168,0,8.3,1014.4,85.3,5.9,134.2,11.8,6,41.650791,-8.58779
2022-05-23,64.3,56.0,59.9,59.9,55.0,84.6,10.0,0.066,0,14.5,1016.1,67.2,6.6,222.2,19.3,8,41.650791,-8.58779
2022-05-24,63.8,50.0,57.2,57.1,49.6,76.8,10.0,0.003,0,14.3,1018.0,44.6,7.8,236.3,20.4,8,41.5549,-8.43569
2022-05-25,69.0,49.4,60.5,60.5,50.4,70.8,10.0,0.0,0,14.7,1022.8,50.1,7.6,343.2,29.8,10,41.449721999999994,-8.4067
2022-05-26,77.1,59.2,68.3,68.3,52.6,58.4,10.0,0.0,0,12.4,1022.5,3.2,8.1,349.0,30.2,10,41.449721999999994,-8.296389
2022-05-27,88.4,66.0,75.5,74.9,51.7,45.8,10.0,0.0,0,10.7,1017.9,21.1,7.2,353.8,30.6,10,41.5549,-8.43569
2022-05-28,81.7,64.3,73.6,73.5,49.6,44.2,10.0,0.0,0,10.9,1012.1,41.4,7.6,349.8,30.1,10,41.5549,-8.43569
2022-05-29,67.2,60.2,63.7,63.7,56.9,78.9,10.0,0.0,0,8.0,1009.6,80.0,6.5,327.3,28.2,9,41.653315,-8.43569
2022-05-30,66.7,60.3,63.1,63.1,56.7,80.1,10.0,0.003,0,7.0,1010.3,85.9,7.4,166.8,14.5,7,41.653315,-8.296389
2022-05-31,68.3,61.8,64.6,64.6,60.5,86.4,10.0,0.364,0,6.1,1011.5,82.9,6.1,132.3,11.6,6,41.653315,-8.58779
2022-06-01,68.6,61.8,65.2,65.2,60.1,84.1,10.0,0.35700000000000004,0,11.7,1012.8,70.9,7.0,234.9,20.2,8,41.5549,-8.58779
2022-06-02,70.2,59.8,64.7,64.7,57.7,78.7,10.0,0.138,0,9.9,1013.1,55.3,7.1,315.3,27.1,9,41.650791,-8.296389
2022-06-03,71.4,57.7,64.4,64.4,57.9,80.3,10.0,0.036000000000000004,0,10.2,1013.3,68.1,7.4,198.7,17.1,8,41.5549,-8.58779
2022-06-04,68.9,59.2,63.9,63.9,59.8,86.8,10.0,0.201,0,8.1,1016.3,53.3,6.3,332.3,28.9,9,41.650791,-8.58779
2022-06-05,67.5,55.8,62.3,62.3,55.9,80.3,10.0,0.0,0,8.9,1022.2,60.4,7.3,332.0,28.8,9,41.449721999999994,-8.58779
2022-06-06,68.5,56.5,62.2,62.2,58.3,87.5,10.0,0.023,0,7.0,1021.9,79.2,6.6,132.7,11.4,5,41.650791,-8.58779
2022-06-07,69.9,53.9,63.4,63.4,57.7,82.7,10.0,0.0,0,8.8,1021.5,52.7,6.8,330.2,28.2,10,41.650791,-8.43569
2022-06-08,65.7,63.0,64.2,64.2,63.3,97.0,10.0,0.292,0,6.1,1020.6,92.0,3.9,43.7,3.6,1,41.650791,-8.4067
2022-06-09,74.2,61.9,67.5,67.5,62.9,85.9,10.0,0.0,0,12.0,1020.6,62.5,7.3,349.0,30.3,10,41.449721999999994,-8.43569
2022-06-10,77.0,62.6,69.7,69.7,62.1,77.8,30.0,0.0,0,12.1,1018.1,38.0,7.0,345.6,29.7,10,41.653315,-8.43569
2022-06-11,79.2,60.6,70.0,70.0,61.6,75.9,60.0,0.0,0,9.9,1016.7,16.4,6.8,346.2,30.0,10,41.650791,-8.43569
2022-06-12,79.2,62.2,70.5,70.5,62.7,77.5,30.0,0.0,0,6.9,1015.5,19.4,6.7,348.2,30.1,10,41.653315,-8.296389
2022-06-13,83.3,63.7,73.7,74.3,62.5,69.9,30.0,0.0,0,6.0,1013.6,12.4,7.3,350.0,30.2,9,41.449721999999994,-8.58779
2022-06-14,71.8,61.0,67.4,67.4,62.2,84.0,10.0,0.0,0,7.6,1013.7,55.5,5.7,332.6,28.8,9,41.5549,-8.43569
2022-06-15,82.1,59.4,68.2,68.3,61.9,81.4,10.0,0.18100000000000002,0,14.9,1014.4,50.6,6.3,270.0,23.3,9,41.5549,-8.43569
2022-06-16,75.4,64.6,68.8,68.8,63.2,82.6,15.0,0.035,0,9.6,1016.6,61.3,6.7,163.8,14.0,7,41.650791,-8.4067
2022-06-17,72.8,61.4,66.0,66.0,61.4,85.6,10.0,0.0,0,7.3,1017.2,57.2,6.4,290.2,25.2,8,41.449721999999994,-8.58779
2022-06-18,70.3,61.2,64.8,64.8,60.7,87.2,10.0,0.001,0,8.2,1014.5,72.8,6.4,272.1,23.6,9,41.449721999999994,-8.296389
2022-06-19,66.6,56.9,61.7,61.7,57.1,85.4,10.0,0.096,0,16.0,1012.3,65.4,6.5,281.2,24.1,8,41.5549,-8.58779
2022-06-20,64.4,51.3,58.8,58.8,53.4,82.7,10.0,0.0,0,8.0,1014.4,58.4,7.3,267.2,23.1,9,41.5549,-8.58779
2022-06-21,65.3,56.3,60.1,60.1,57.0,89.8,10.0,0.225,0,8.0,1012.8,75.7,6.2,166.2,14.3,6,41.5549,-8.296389
2022-06-22,66.5,58.1,61.9,61.9,58.2,88.1,10.0,0.068,0,10.9,1012.0,65.8,7.1,276.4,23.8,9,41.449721999999994,-8.296389
2022-06-23,63.2,57.5,60.0,60.0,57.5,91.7,10.0,0.4,0,6.2,1015.5,75.5,6.1,125.2,10.9,6,41.653315,-8.43569
2022-06-24,67.5,55.9,61.7,61.7,57.2,85.9,10.0,0.191,0,9.3,1017.5,78.6,6.7,218.9,18.8,8,41.653315,-8.4067
2022-06-25,65.1,53.8,60.2,60.2,52.9,77.9,10.0,0.031,0,9.6,1016.3,49.3,7.3,310.0,26.9,10,41.650791,-8.43569
2022-06-26,65.1,51.1,58.6,58.6,49.6,73.1,10.0,0.0,0,15.9,1016.8,31.5,7.5,346.4,29.9,10,41.653315,-8.4067
2022-06-27,68.4,49.9,60.0,59.9,50.3,71.6,10.0,0.0,0,15.7,1020.9,7.4,7.7,361.7,31.2,10,41.653315,-8.58779
2022-06-28,68.7,50.6,60.6,60.6,52.9,77.0,10.0,0.0,0,13.4,1021.1,15.1,7.4,357.8,30.8,10,41.650791,-8.4067
2022-06-29,66.9,57.4,61.7,61.7,54.4,78.1,10.0,0.027000000000000003,0,15.5,1018.9,59.0,7.1,298.5,25.7,10,41.5549,-8.58779
2022-06-30,66.4,53.3,60.6,60.6,50.5,70.3,10.0,0.0,0,15.5,1018.6,36.4,8.3,339.8,29.3,10,41.653315,-8.43569
2022-07-01,72.3,53.2,63.2,63.2,54.0,73.5,10.0,0.0,0,14.0,1017.4,0.2,8.0,356.4,30.7,10,41.650791,-8.58779
2022-07-02,73.6,56.7,64.5,64.5,58.1,80.5,10.0,0.0,0,7.3,1016.1,36.4,6.6,325.1,28.0,9,41.653315,-8.43569
2022-07-03,76.1,60.4,66.9,66.9,61.8,84.6,10.0,0.17,0,6.9,1016.5,63.5,6.8,313.4,27.1,9,41.449721999999994,-8.4067
2022-07-04,70.7,60.7,65.2,65.2,61.5,88.3,10.0,0.001,0,6.9,1017.5,66.9,5.4,341.9,29.6,9,41.653315,-8.43569
2022-07-05,73.6,60.3,66.8,66.8,61.2,83.2,30.0,0.076,0,6.6,1017.3,26.4,5.5,343.7,29.6,10,41.449721999999994,-8.296389
2022-07-06,82.2,61.3,71.9,72.0,60.3,69.5,10.0,0.0,0,11.8,1019.9,10.3,7.2,349.5,30.2,10,41.449721999999994,-8.296389
2022-07-07,87.4,71.3,78.6,77.9,55.0,46.3,10.0,0.0,0,12.3,1022.3,2.2,8.0,353.5,30.6,10,41.653315,-8.296389
2022-07-08,91.6,71.7,80.0,79.1,53.5,41.9,10.0,0.0,0,12.3,1021.2,0.0,7.3,359.3,30.9,10,41.653315,-8.296389
2022-07-09,87.8,68.1,78.9,78.2,56.6,48.7,10.0,0.0,0,10.8,1019.1,0.0,6.6,358.0,30.8,10,41.5549,-8.43569
2022-07-10,70.9,60.1,66.0,66.0,59.7,80.4,10.0,0.0,0,11.0,1016.9,33.1,6.0,352.5,30.6,10,41.449721999999994,-8.296389
2022-07-11,72.6,59.2,64.6,64.6,58.4,81.1,10.0,0.0,0,10.6,1014.9,62.2,6.1,330.5,28.5,9,41.653315,-8.58779
2022-07-12,97.7,64.1,83.2,82.8,59.5,49.6,10.0,0.0,0,8.9,1014.4,44.6,6.8,333.4,28.8,10,41.650791,-8.4067
2022-07-13,97.4,74.8,84.9,84.3,58.1,41.6,10.0,0.0,0,9.0,1016.8,63.4,6.5,265.8,23.0,8,41.449721999999994,-8.4067
2022-07-14,89.9,72.0,82.2,82.0,59.1,46.4,10.0,0.0,0,8.0,1015.6,66.9,6.3,300.7,26.0,8,41.449721999999994,-8.43569
2022-07-15,79.1,65.6,72.2,72.2,62.5,72.2,10.0,0.003,0,6.7,1013.4,69.7,6.4,306.1,26.6,8,41.650791,-8.58779
2022-07-16,74.1,62.0,67.1,67.1,62.1,84.6,10.0,0.0,0,8.2,1015.0,73.2,4.6,321.0,27.7,9,41.650791,-8.43569
2022-07-17,78.0,62.0,68.0,68.0,61.8,81.3,10.0,0.0,0,7.3,1015.1,58.2,5.6,332.8,28.9,9,41.449721999999994,-8.4067
2022-07-18,76.3,62.3,68.9,68.9,62.1,80.0,10.0,0.0,0,10.4,1016.3,48.7,6.6,338.8,29.5,9,41.449721999999994,-8.296389
2022-07-19,72.0,63.2,67.2,67.2,61.8,83.4,10.0,0.005,0,11.1,1019.6,58.0,6.6,289.0,25.0,8,41.5549,-8.43569
2022-07-20,77.8,57.9,68.4,68.4,59.5,75.4,10.0,0.0,0,11.9,1019.7,24.4,7.1,346.5,29.9,10,41.449721999999994,-8.58779
2022-07-21,74.7,62.4,67.8,67.8,62.4,83.4,10.0,0.0,0,8.1,1017.4,48.0,5.6,342.0,29.6,10,41.653315,-8.43569
2022-07-22,79.0,62.7,68.9,68.9,61.5,79.1,10.0,0.0,0,12.2,1017.7,55.2,6.3,331.8,28.5,10,41.449721999999994,-8.43569
2022-07-23,78.2,60.1,68.7,68.7,59.5,74.0,10.0,0.0,0,9.0,1017.3,0.2,6.6,335.3,28.9,9,41.5549,-8.296389
2022-07-24,72.2,61.8,66.1,66.1,60.4,82.7,10.0,0.0,0,11.0,1019.1,61.3,6.2,335.3,28.7,9,41.449721999999994,-8.296389
2022-07-25,76.2,56.5,67.1,67.1,59.1,76.9,10.0,0.0,0,14.6,1021.1,23.7,7.0,328.0,28.3,9,41.5549,-8.4067
2022-07-26,76.1,61.9,68.5,68.5,59.1,73.5,10.0,0.0,0,13.2,1019.2,7.4,7.0,333.7,28.7,9,41.650791,-8.43569
2022-07-27,74.0,56.8,65.1,65.1,57.3,77.4,10.0,0.0,0,15.3,1016.7,8.4,6.7,332.2,28.6,9,41.449721999999994,-8.4067
2022-07-28,71.0,57.5,65.0,65.0,58.6,80.4,10.0,0.0,0,14.2,1016.3,42.9,6.7,321.8,27.8,9,41.5549,-8.4067
2022-07-29,78.5,59.0,69.0,69.0,61.0,77.2,10.0,0.0,0,13.8,1016.5,19.7,7.0,325.2,28.1,9,41.650791,-8.43569
2022-07-30,89.2,64.2,77.2,77.3,60.8,59.9,10.0,0.0,0,10.2,1015.3,2.5,7.3,327.2,28.2,9,41.653315,-8.296389
2022-07-31,87.9,65.4,76.5,76.6,61.3,61.9,10.0,0.0,0,8.0,1015.2,0.0,6.6,327.0,28.2,9,41.449721999999994,-8.4067
